time,energy
18.808,37990.33512837574
18.807000000000002,37989.89852730464
18.806,37989.46192623355
18.805,37989.025325162445
18.804000000000002,37988.58872409135
18.803,37988.15212302025
18.802,37987.715521949154
18.801000000000002,37987.27892087805
18.8,37986.86579093135
18.799,37986.452660984636
18.798000000000002,37986.03953103794
18.797,37985.62640109123
18.796,37985.21327114452
18.795,37984.80014119782
18.794,37984.387011251114
18.793,37983.97388130441
18.792,37983.57312085319
18.791,37983.172360401964
18.79,37982.77743005536
18.789,37982.38249970876
18.788,37981.98756936216
18.787,37981.59263901556
18.786,37981.19770866896
18.785,37980.80277832235
18.784,37980.40784797575
18.783,37980.01291762915
18.782,37979.61928826815
18.781,37979.22565890714
18.78,37978.83498127014
18.779,37978.444303633136
18.778,37978.05362599614
18.777,37977.66294835914
18.776,37977.27227072214
18.775000000000002,37976.88159308514
18.774,37976.49091544814
18.773,37976.10023781114
18.772000000000002,37975.73384686795
18.771,37975.36745592477
18.77,37975.00119983887
18.769000000000002,37974.63494375298
18.768,37974.26868766708
18.767,37973.902431581184
18.766000000000002,37973.53617549529
18.765,37973.169919409396
18.764,37972.8036633235
18.763,37972.43740723761
18.762,37972.078204364625
18.761,37971.71900149165
18.76,37971.3732098606
18.759,37971.02741822954
18.758,37970.68162659849
18.757,37970.33583496744
18.756,37969.99004333638
18.755,37969.64425170532
18.754,37969.29846007427
18.753,37968.95266844322
18.752,37968.61297586755
18.751,37968.273283291885
18.75,37967.93359071622
18.749,37967.59389814054
18.748,37967.254205564874
18.747,37966.914512989206
18.746,37966.57482041354
18.745,37966.23512783787
18.744,37965.89866843997
18.743000000000002,37965.562209042066
18.742,37965.25099926385
18.741,37964.93978948562
18.740000000000002,37964.6289902457
18.739,37964.31819100577
18.738,37964.00739176584
18.737000000000002,37963.696592525914
18.736,37963.38579328598
18.735,37963.07499404605
18.734,37962.76419480613
18.733,37962.4533955662
18.732,37962.14982711699
18.731,37961.84625866779
18.73,37961.55841211436
18.729,37961.27056556093
18.728,37960.9827190075
18.727,37960.69487245407
18.726,37960.40702590064
18.725,37960.11917934722
18.724,37959.83133279379
18.723,37959.54348624036
18.722,37959.26411450543
18.721,37958.9847427705
18.72,37958.70537103557
18.719,37958.42599930064
18.718,37958.146627565715
18.717,37957.86725583079
18.716,37957.58788409586
18.715,37957.308512360934
18.714,37957.04108686712
18.713,37956.78530229032
18.712,37956.54011449591
18.711000000000002,37956.2949267015
18.71,37956.06721770345
18.709,37955.84770081602
18.708000000000002,37955.628183928595
18.707,37955.408667041156
18.706,37955.189150153725
18.705000000000002,37954.96963326629
18.704,37954.75011637887
18.703,37954.53059949143
18.702,37954.311082604
18.701,37954.10307694636
18.7,37953.895071288716
18.699,37953.69098914652
18.698,37953.499212797746
18.697,37953.315147160305
18.696,37953.134536142505
18.695,37952.96697378292
18.694,37952.79941142333
18.693,37952.660469857336
18.692,37952.52152829135
18.691,37952.38258672535
18.69,37952.24364515936
18.689,37952.104703593366
18.688,37951.96576202737
18.687,37951.826820461385
18.686,37951.68787889539
18.685,37951.54893860208
18.684,37951.412831448615
18.683,37951.27814386491
18.682000000000002,37951.15457199376
18.681,37951.0310001226
18.68,37950.91314417734
18.679000000000002,37950.82107774485
18.678,37950.73767084527
18.677,37950.66194776898
18.676000000000002,37950.5862246927
18.675,37950.51462271505
18.674,37950.45337250238
18.673000000000002,37950.409446510224
18.672,37950.36552051806
18.671,37950.32159452591
18.67,37950.27766853375
18.669,37950.2337425416
18.668,37950.18981654944
18.667,37950.14589055729
18.666,37950.101964565125
18.665,37950.069476176905
18.664,37950.04398013126
18.663,37950.02030255963
18.662,37949.99662498799
18.661,37949.98518954747
18.66,37949.97578535704
18.659,37949.967850031215
18.658,37949.96805550772
18.657,37949.9788577666
18.656,37949.98966002548
18.655,37950.00046228436
18.654,37950.011264543245
18.653,37950.02206680212
18.652,37950.05050358883
18.651,37950.083436315566
18.650000000000002,37950.11636904231
18.649,37950.1496236109
18.648,37950.1877642037
18.647000000000002,37950.23172083772
18.646,37950.28245420267
18.645,37950.34855320639
18.644000000000002,37950.416670940656
18.643,37950.48478867493
18.642,37950.5529064092
18.641000000000002,37950.62102414346
18.64,37950.68914187773
18.639,37950.757259612
18.638,37950.825377346264
18.637,37950.893495080534
18.636,37950.96393178589
18.635,37951.03436849125
18.634,37951.104805196606
18.633,37951.17524190196
18.632,37951.245678607316
18.631,37951.32105764281
18.63,37951.404404669476
18.629,37951.488644299396
18.628,37951.583152486
18.627,37951.6776606726
18.626,37951.77251892906
18.625,37951.88058806682
18.624,37951.991675632155
18.623,37952.110473908826
18.622,37952.24572326891
18.621,37952.38102482344
18.62,37952.516326377954
18.619,37952.65162793247
18.618000000000002,37952.786929486996
18.617,37952.93068426629
18.616,37953.08099936872
18.615000000000002,37953.242483659764
18.614,37953.4039679508
18.613,37953.56583301555
18.612000000000002,37953.72769808029
18.611,37953.907651505855
18.61,37954.09203830881
18.609,37954.276949993895
18.608,37954.470270264756
18.607,37954.67051156702
18.606,37954.87075286928
18.605,37955.07099417155
18.604,37955.27123547381
18.603,37955.471476776074
18.602,37955.67171807834
18.601,37955.8719593806
18.6,37956.07220068287
18.599,37956.27805623604
18.598,37956.48391178922
18.597,37956.689767342395
18.596,37956.895622895565
18.595,37957.106420377175
18.594,37957.32013146416
18.593,37957.55446618258
18.592,37957.78880090099
18.591,37958.02354978991
18.59,37958.258298678826
18.589,37958.4979245254
18.588,37958.738389340215
18.587,37958.99934505581
18.586000000000002,37959.265521449735
18.585,37959.533698661384
18.584,37959.803050500064
18.583000000000002,37960.077964360564
18.582,37960.36056204435
18.581,37960.64315972813
18.580000000000002,37960.925757411926
18.579,37961.22335938882
18.578,37961.53479848529
18.577,37961.84837317761
18.576,37962.162398366396
18.575,37962.476423555185
18.574,37962.790448743974
18.573,37963.116913003905
18.572,37963.44828209269
18.571,37963.793933987254
18.57,37964.14687665624
18.569,37964.50291996347
18.568,37964.8589632707
18.567,37965.21500657792
18.566,37965.571049885155
18.565,37965.92709319238
18.564,37966.28313649961
18.563,37966.639179806836
18.562,37966.99522311406
18.561,37967.352482990915
18.56,37967.714623782966
18.559,37968.07887600239
18.558,37968.444946695825
18.557000000000002,37968.811017389264
18.556,37969.20443297737
18.555,37969.60419760283
18.554000000000002,37970.00445223678
18.553,37970.40470687073
18.552,37970.80496150468
18.551000000000002,37971.205216138624
18.55,37971.614655152116
18.549,37972.036852294405
18.548000000000002,37972.47055719349
18.547,37972.91075611563
18.546,37973.36014729647
18.545,37973.81701222881
18.544,37974.27387716113
18.543,37974.73074209347
18.542,37975.194028446946
18.541,37975.65813245793
18.54,37976.13601252671
18.539,37976.62948717121
18.538,37977.12300125428
18.537,37977.61704832339
18.536,37978.11109539249
18.535,37978.60514246159
18.534,37979.10369664303
18.533,37979.602951578185
18.532,37980.12339555088
18.531,37980.64667460065
18.53,37981.17388794673
18.529,37981.713655211155
18.528,37982.25342247557
18.527,37982.79318974
18.526,37983.33295700441
18.525000000000002,37983.87272426883
18.524,37984.41249153325
18.523,37984.95225879767
18.522000000000002,37985.492026062086
18.521,37986.03722185677
18.52,37986.59284438573
18.519000000000002,37987.14846691469
18.518,37987.71852831479
18.517,37988.294676891834
18.516000000000002,37988.87525142947
18.515,37989.46261057154
18.514,37990.058096665525
18.513,37990.654162492545
18.512,37991.25022831955
18.511,37991.84629414657
18.51,37992.44235997358
18.509,37993.051986751765
18.508,37993.676160259616
18.507,37994.30248991007
18.506,37994.94113825774
18.505,37995.59652956521
18.504,37996.264653739454
18.503,37996.939479168796
18.502,37997.62310783568
18.501,37998.31405275118
18.5,37999.01332400827
18.499,37999.71396351355
18.498,38000.42036535334
18.497,38001.12739777323
18.496,38001.83593880774
18.495,38002.56193238114
18.494,38003.30188299611
18.493000000000002,38004.056764210865
18.492,38004.81318139872
18.491,38005.56959858657
18.490000000000002,38006.32601577442
18.489,38007.08243296228
18.488,38007.838850150125
18.487000000000002,38008.606584184454
18.486,38009.37558890652
18.485,38010.14715011084
18.484,38010.94246915101
18.483,38011.74939587041
18.482,38012.558800517785
18.481,38013.37595816737
18.48,38014.20300392264
18.479,38015.03830144578
18.478,38015.88165064114
18.477,38016.72713743557
18.476,38017.59067445336
18.475,38018.46027503423
18.474,38019.33714130439
18.473,38020.23335714488
18.472,38021.13387644874
18.471,38022.03927966974
18.47,38022.95831165449
18.469,38023.877343639244
18.468,38024.820925251406
18.467,38025.768958803455
18.466,38026.71963803332
18.465,38027.67524877722
18.464,38028.6330670975
18.463,38029.591579599815
18.462,38030.55009210213
18.461000000000002,38031.50860460445
18.46,38032.46711710676
18.459,38033.425629609075
18.458000000000002,38034.3841421114
18.457,38035.342654613705
18.456,38036.30116711603
18.455000000000002,38037.25967961834
18.454,38038.21819212066
18.453,38039.176704622965
18.452,38040.13521712529
18.451,38041.0937296276
18.45,38042.05224212992
18.449,38043.01075463223
18.448,38043.96926713455
18.447,38044.92777963686
18.446,38045.886292139185
18.445,38046.8448046415
18.444,38047.803317143815
18.443,38048.76182964613
18.442,38049.720342148445
18.441,38050.67885465076
18.44,38051.637367153075
18.439,38052.59587965539
18.438,38053.554392157705
18.437,38054.51290466002
18.436,38055.471417162335
18.435,38056.42992966465
18.434,38057.38844216697
18.433,38058.34695466928
18.432000000000002,38059.3054671716
18.431,38060.26397967392
18.43,38061.22249217623
18.429000000000002,38062.18100467855
18.428,38063.13951718086
18.427,38064.09802968318
18.426000000000002,38065.05654218549
18.425,38066.01505468781
18.424,38066.97356719012
18.423000000000002,38067.93207969244
18.422,38068.89059219476
18.421,38069.84910469707
18.42,38070.80761719939
18.419,38071.766129701704
18.418,38072.72464220402
18.417,38073.683154706334
18.416,38074.64166720865
18.415,38075.600179710964
18.414,38076.55869221328
18.413,38077.517204715594
18.412,38078.47571721791
18.411,38079.434229720224
18.41,38080.39274222254
18.409,38081.35125472484
18.408,38082.30976722715
18.407,38083.26827972945
18.406,38084.226792231755
18.405,38085.185304734056
18.404,38086.143817236356
18.403,38087.10232973866
18.402,38088.060842240964
18.401,38089.019354743265
18.400000000000002,38089.97786724557
18.399,38090.93637974787
18.398,38091.89489225017
18.397000000000002,38092.85340475247
18.396,38093.81191725478
18.395,38094.77042975708
18.394000000000002,38095.72894225939
18.393,38096.68745476169
18.392,38097.64596726399
18.391000000000002,38098.60447976629
18.39,38099.56299226859
18.389,38100.5215047709
18.388,38101.4800172732
18.387,38102.43852977551
18.386,38103.39704227781
18.385,38104.35555478011
18.384,38105.31406728241
18.383,38106.272579784716
18.382,38107.23109228702
18.381,38108.189604789324
18.38,38109.16650624
18.379,38110.14848986671
18.378,38111.13493973393
18.377,38112.12387585068
18.376,38113.11281196744
18.375,38114.12341358805
18.374,38115.13755385642
18.373,38116.16647973191
18.372,38117.20235263246
18.371,38118.238225533016
18.37,38119.27409843357
18.369,38120.31223205222
18.368000000000002,38121.3512944941
18.367,38122.40961970437
18.366,38123.46794491462
18.365000000000002,38124.531425259076
18.364,38125.59636426853
18.363,38126.66345056819
18.362000000000002,38127.73302835349
18.361,38128.820472346306
18.36,38129.91981159497
18.359,38131.024312679656
18.358,38132.1360058625
18.357,38133.257093889166
18.356,38134.37990426223
18.355,38135.502714635266
18.354,38136.62552500833
18.353,38137.74833538138
18.352,38138.87114575443
18.351,38139.99395612749
18.35,38141.11676650054
18.349,38142.23957687359
18.348,38143.36238724664
18.347,38144.4851976197
18.346,38145.60800799275
18.345,38146.7308183658
18.344,38147.853628738856
18.343,38148.97643911191
18.342,38150.09924948496
18.341,38151.22205985802
18.34,38152.34487023107
18.339,38153.467680604124
18.338,38154.59049097718
18.337,38155.71330135023
18.336000000000002,38156.836111723285
18.335,38157.95892209634
18.334,38159.081732469385
18.333000000000002,38160.20454284244
18.332,38161.327353215485
18.331,38162.45016358853
18.330000000000002,38163.572973961585
18.329,38164.695784334624
18.328,38165.81859470767
18.327,38166.941405080725
18.326,38168.06421545377
18.325,38169.18702582682
18.324,38170.309836199864
18.323,38171.43264657291
18.322,38172.55545694596
18.321,38173.678267319
18.32,38174.80107769205
18.319,38175.923888065096
18.318,38177.04669843815
18.317,38178.16950881119
18.316,38179.292319184235
18.315,38180.41512955728
18.314,38181.537939930335
18.313,38182.660750303374
18.312,38183.78356067643
18.311,38184.90637104947
18.31,38186.02918142251
18.309,38187.15199179557
18.308,38188.27480216861
18.307,38189.39761254165
18.306,38190.520422914706
18.305,38191.64323328775
18.304000000000002,38192.7660436608
18.303,38193.88885403385
18.302,38195.011664406906
18.301000000000002,38196.13447477997
18.3,38197.25728515303
18.299,38198.38009552608
18.298000000000002,38199.50290589914
18.297,38200.6257162722
18.296,38201.748526645264
18.295,38202.871337018325
18.294,38203.99414739138
18.293,38205.11695776444
18.292,38206.2397681375
18.291,38207.36257851056
18.29,38208.48538888362
18.289,38209.608199256676
18.288,38210.73100962974
18.287,38211.8538200028
18.286,38212.97663037586
18.285,38214.09944074892
18.284,38215.22225112197
18.283,38216.34506149504
18.282,38217.467871868095
18.281,38218.590682241156
18.28,38219.71349261422
18.279,38220.83630298727
18.278,38221.95911336033
18.277,38223.08192373339
18.276,38224.20473410645
18.275000000000002,38225.327544479514
18.274,38226.46293357484
18.273,38227.60109501208
18.272000000000002,38228.74228613748
18.271,38229.89787403266
18.27,38231.05708360592
18.269000000000002,38232.22204487818
18.268,38233.405323261366
18.267,38234.59021903925
18.266000000000002,38235.77563301829
18.265,38236.966487275655
18.264,38238.15908458172
18.263,38239.3546933552
18.262,38240.564528885334
18.261,38241.77436441547
18.26,38242.98419994561
18.259,38244.19733034926
18.258,38245.41435975999
18.257,38246.63369763508
18.256,38247.864066551585
18.255,38249.09607452527
18.254,38250.34621633054
18.253,38251.596423904324
18.252,38252.84663147812
18.251,38254.09683905191
18.25,38255.347046625706
18.249,38256.5972541995
18.248,38257.847461773286
18.247,38259.09766934708
18.246,38260.347876920874
18.245,38261.59808449467
18.244,38262.84829206846
18.243000000000002,38264.09849964225
18.242,38265.34870721604
18.241,38266.598914789836
18.240000000000002,38267.84912236363
18.239,38269.099329937424
18.238,38270.34953751121
18.237000000000002,38271.59974508501
18.236,38272.8499526588
18.235,38274.100160232585
18.234,38275.350367806386
18.233,38276.60057538017
18.232,38277.850782953974
18.231,38279.100990527775
18.23,38280.351198101576
18.229,38281.601405675385
18.228,38282.85161324919
18.227,38284.101820822994
18.226,38285.3520283968
18.225,38286.60223597061
18.224,38287.85244354441
18.223,38289.10265111821
18.222,38290.35285869202
18.221,38291.60306626583
18.22,38292.85327383963
18.219,38294.10348141344
18.218,38295.35368898724
18.217,38296.60389656105
18.216,38297.85410413485
18.215,38299.10431170866
18.214,38300.35451928247
18.213,38301.60472685627
18.212,38302.85493443008
18.211000000000002,38304.105142003886
18.21,38305.35534957769
18.209,38306.60555715149
18.208000000000002,38307.855764725304
18.207,38309.105972299105
18.206,38310.356179872906
18.205000000000002,38311.606387446715
18.204,38312.85659502052
18.203,38314.106802594324
18.202,38315.357010168125
18.201,38316.60721774193
18.2,38317.85742531571
18.199,38319.107632889514
18.198,38320.3578404633
18.197,38321.608048037095
18.196,38322.85825561089
18.195,38324.108463184675
18.194,38325.35867075847
18.193,38326.60887833226
18.192,38327.85908590606
18.191,38329.10929347985
18.19,38330.359501053645
18.189,38331.60970862744
18.188,38332.859916201225
18.187,38334.11012377502
18.186,38335.36033134881
18.185,38336.6105389226
18.184,38337.8607464964
18.183,38339.11095407019
18.182,38340.36116164398
18.181,38341.611369217775
18.18,38342.86157679157
18.179000000000002,38344.11178436536
18.178,38345.36199193915
18.177,38346.61219951294
18.176000000000002,38347.86240708674
18.175,38349.11261466053
18.174,38350.362822234325
18.173000000000002,38351.61609375601
18.172,38352.874806749
18.171,38354.136687783786
18.17,38355.40390619598
18.169,38356.67139104943
18.168,38357.944480006496
18.167,38359.22445654748
18.166,38360.50443308848
18.165,38361.78440962947
18.164,38363.06438617047
18.163,38364.34436271146
18.162,38365.62433925245
18.161,38366.90431579345
18.16,38368.18429233444
18.159,38369.46426887543
18.158,38370.74424541643
18.157,38372.02422195743
18.156,38373.304198498416
18.155,38374.58417503941
18.154,38375.864151580405
18.153,38377.1441281214
18.152,38378.424104662394
18.151,38379.70408120339
18.150000000000002,38380.98405774438
18.149,38382.26403428538
18.148,38383.54401082637
18.147000000000002,38384.82398736737
18.146,38386.10396390836
18.145,38387.383940449356
18.144000000000002,38388.66391699036
18.143,38389.94389353136
18.142,38391.22387007236
18.141000000000002,38392.50384661336
18.14,38393.78382315436
18.139,38395.06379969536
18.138,38396.34377623636
18.137,38397.62375277736
18.136,38398.903729318365
18.135,38400.18370585937
18.134,38401.46368240036
18.133,38402.74365894136
18.132,38404.023635482365
18.131,38405.30361202337
18.13,38406.58358856436
18.129,38407.86356510536
18.128,38409.143541646365
18.127,38410.42351818737
18.126,38411.70349472837
18.125,38412.98347126936
18.124,38414.263447810365
18.123,38415.54342435137
18.122,38416.82340089236
18.121,38418.10337743336
18.12,38419.383353974365
18.119,38420.66333051537
18.118000000000002,38421.94330705637
18.117,38423.22328359737
18.116,38424.50326013837
18.115000000000002,38425.783236679374
18.114,38427.06321322037
18.113,38428.34318976137
18.112000000000002,38429.62316630237
18.111,38430.90314284337
18.11,38432.18311938437
18.109,38433.46309592537
18.108,38434.74307246637
18.107,38436.02304900737
18.106,38437.303025548375
18.105,38438.58300208938
18.104,38439.86297863037
18.103,38441.14295517137
18.102,38442.422931712375
18.101,38443.70290825337
18.1,38444.98288479438
18.099,38446.26286133537
18.098,38447.542837876375
18.097,38448.82281441738
18.096,38450.10279095838
18.095,38451.38276749938
18.094,38452.66274404038
18.093,38453.94272058138
18.092,38455.22269712238
18.091,38456.50267366338
18.09,38457.78265020438
18.089,38459.06262674538
18.088,38460.34260328638
18.087,38461.62257982738
18.086000000000002,38462.9086062096
18.085,38464.1959934633
18.084,38465.48684621878
18.083000000000002,38466.79124431089
18.082,38468.10169144541
18.081,38469.44642722052
18.080000000000002,38470.79449818845
18.079,38472.15747991989
18.078,38473.53211439804
18.077,38474.906748876194
18.076,38476.28138335435
18.075,38477.663842672126
18.074,38479.05135370271
18.073,38480.4455238067
18.072,38481.8412101174
18.071,38483.24951636493
18.07,38484.66151352669
18.069,38486.08581499153
18.068,38487.51391595029
18.067,38488.94516072683
18.066,38490.38193336857
18.065,38491.83286076731
18.064,38493.283788166045
18.063,38494.73471556478
18.062,38496.18564296352
18.061,38497.63657036226
18.06,38499.08749776099
18.059,38500.53842515973
18.058,38501.98935255846
18.057,38503.4402799572
18.056,38504.89120735593
18.055,38506.34213475467
18.054000000000002,38507.7930621534
18.053,38509.24398955214
18.052,38510.694916950866
18.051000000000002,38512.1458443496
18.05,38513.596771748336
18.049,38515.047699147064
18.048000000000002,38516.4986265458
18.047,38517.949553944534
18.046,38519.40048134327
18.045,38520.851408742004
18.044,38522.30233614074
18.043,38523.753263539475
18.042,38525.20419093821
18.041,38526.65511833694
18.04,38528.10604573567
18.039,38529.55697313441
18.038,38531.007900533135
18.037,38532.45882793187
18.036,38533.909755330606
18.035,38535.36068272934
18.034,38536.811610128076
18.033,38538.26253752681
18.032,38539.713464925546
18.031,38541.164392324274
18.03,38542.61531972301
18.029,38544.066247121744
18.028,38545.51717452047
18.027,38546.96810191921
18.026,38548.41902931794
18.025000000000002,38549.86995671668
18.024,38551.32088411541
18.023,38552.77181151415
18.022000000000002,38554.22273891288
18.021,38555.67366631162
18.02,38557.124593710345
18.019000000000002,38558.57552110908
18.018,38560.026448507815
18.017,38561.47737590654
18.016000000000002,38562.928303305285
18.015,38564.37923070401
18.014,38565.83015810275
18.013,38567.28108550148
18.012,38568.73201290022
18.011,38570.18294029895
18.01,38571.63386769769
18.009,38573.084795096416
18.008,38574.53572249515
18.007,38575.986649893886
18.006,38577.43757729262
18.005,38578.88850469135
18.004,38580.339432090084
18.003,38581.79035948882
18.002,38583.241286887554
18.001,38584.69221428629
18.0,38586.143141685025
17.999,38587.59406908375
17.998,38589.04499648249
17.997,38590.49592388122
17.996,38591.94685127996
17.995,38593.39777867869
17.994,38594.84870607742
17.993000000000002,38596.299633476156
17.992,38597.75056087489
17.991,38599.201488273626
17.990000000000002,38600.65241567236
17.989,38602.103343071096
17.988,38603.554270469824
17.987000000000002,38605.00519786856
17.986,38606.456125267294
17.985,38607.90705266603
17.984,38609.3586544676
17.983,38610.815588409096
17.982,38612.286980262674
17.981,38613.768152534154
17.98,38615.2629190387
17.979,38616.75850320076
17.978,38618.25648977321
17.977,38619.758514427966
17.976,38621.27083519123
17.975,38622.786475515604
17.974,38624.312809892646
17.973,38625.86005582277
17.972,38627.41330549572
17.971,38628.96719306561
17.97,38630.5210806355
17.969,38632.07496820539
17.968,38633.63736691392
17.967,38635.20806607118
17.966,38636.80224465381
17.965,38638.39642323644
17.964,38639.99060181906
17.963,38641.58478040168
17.962,38643.17895898431
17.961000000000002,38644.77313756694
17.96,38646.36731614956
17.959,38647.96149473219
17.958000000000002,38649.555673314826
17.957,38651.14985189745
17.956,38652.74403048008
17.955000000000002,38654.338209062706
17.954,38655.932387645335
17.953,38657.52656622796
17.952,38659.12074481059
17.951,38660.714923393214
17.95,38662.30910197584
17.949,38663.90328055847
17.948,38665.4974591411
17.947,38667.09163772373
17.946,38668.68581630636
17.945,38670.27999488899
17.944,38671.8741734716
17.943,38673.46835205423
17.942,38675.06253063685
17.941,38676.656709219475
17.94,38678.250887802096
17.939,38679.84506638472
17.938,38681.43924496734
17.937,38683.03342354996
17.936,38684.62760213258
17.935,38686.221780715205
17.934,38687.815959297826
17.933,38689.41013788045
17.932,38691.00431646307
17.931,38692.59849504569
17.93,38694.19267362831
17.929000000000002,38695.786852210935
17.928,38697.38103079356
17.927,38698.97520937618
17.926000000000002,38700.56938795881
17.925,38702.16356654143
17.924,38703.75774512405
17.923000000000002,38705.35192370667
17.922,38706.946102289294
17.921,38708.540280871915
17.92,38710.13445945454
17.919,38711.72863803715
17.918,38713.32281661978
17.917,38714.9169952024
17.916,38716.511173785024
17.915,38718.10535236766
17.914,38719.699530950296
17.913,38721.293709532925
17.912,38722.88788811556
17.911,38724.4820666982
17.91,38726.076245280834
17.909,38727.67042386347
17.908,38729.26460244611
17.907,38730.858781028735
17.906,38732.45295961137
17.905,38734.04713819401
17.904,38735.641316776644
17.903,38737.23549535927
17.902,38738.82967394192
17.901,38740.423852524546
17.900000000000002,38742.01803110718
17.899,38743.61220968982
17.898,38745.206388272454
17.897000000000002,38746.80056685509
17.896,38748.39474543772
17.895,38749.988924020356
17.894000000000002,38751.58310260299
17.893,38753.17728118563
17.892,38754.771459768264
17.891000000000002,38756.36563835089
17.89,38757.95981693353
17.889,38759.553995516166
17.888,38761.1481740988
17.887,38762.74235268144
17.886,38764.34263031944
17.885,38765.9429455948
17.884,38767.54587400129
17.883,38769.156182461375
17.882,38770.77055800569
17.881,38772.38602103544
17.88,38774.001484065186
17.879,38775.62005886935
17.878,38777.25083178427
17.877,38778.88770375459
17.876,38780.5245757249
17.875,38782.16144769521
17.874,38783.798319665526
17.873,38785.43519163584
17.872,38787.07206360615
17.871,38788.70893557646
17.87,38790.34580754678
17.869,38791.982679517096
17.868000000000002,38793.61955148741
17.867,38795.25642345773
17.866,38796.893295428046
17.865000000000002,38798.53016739836
17.864,38800.16703936868
17.863,38801.80391133899
17.862000000000002,38803.44078330931
17.861,38805.07765527962
17.86,38806.71452724994
17.859,38808.35139922026
17.858,38809.98827119057
17.857,38811.62514316088
17.856,38813.2620151312
17.855,38814.89888710152
17.854,38816.535759071834
17.853,38818.17263104214
17.852,38819.80950301246
17.851,38821.44637498277
17.85,38823.08324695309
17.849,38824.720118923404
17.848,38826.35699089372
17.847,38827.99386286404
17.846,38829.630734834354
17.845,38831.26760680467
17.844,38832.90447877499
17.843,38834.541350745305
17.842,38836.178222715615
17.841,38837.81509468593
17.84,38839.45196665625
17.839,38841.088838626565
17.838,38842.72571059688
17.837,38844.36258256719
17.836000000000002,38845.99945453751
17.835,38847.636326507825
17.834,38849.273198478135
17.833000000000002,38850.91007044846
17.832,38852.546942418776
17.831,38854.183814389085
17.830000000000002,38855.8206863594
17.829,38857.45755832972
17.828,38859.094430300036
17.827,38860.73130227035
17.826,38862.36817424066
17.825,38864.00504621098
17.824,38865.641918181296
17.823,38867.27879015161
17.822,38868.91566212192
17.821,38870.55253409224
17.82,38872.18940606256
17.819,38873.826278032866
17.818,38875.46315000318
17.817,38877.1000219735
17.816,38878.73689394382
17.815,38880.37376591413
17.814,38882.01063788445
17.813,38883.64750985477
17.812,38885.284381825084
17.811,38886.92125379539
17.81,38888.55812576571
17.809,38890.19499773603
17.808,38891.83186970634
17.807,38893.468741676654
17.806,38895.10561364697
17.805,38896.74248561729
17.804000000000002,38898.379357587604
17.803,38900.01622955792
17.802,38901.65310152824
17.801000000000002,38903.289973498555
17.8,38904.926845468864
17.799,38906.56371743918
17.798000000000002,38908.2005894095
17.797,38909.84195849401
17.796,38911.48536382739
17.795,38913.130950559214
17.794,38914.79671586527
17.793,38916.46490481464
17.792,38918.14120273218
17.791,38919.83930025589
17.79,38921.55065412266
17.789,38923.276369130814
17.788,38925.00699140776
17.787,38926.75585395341
17.786,38928.50471649907
17.785,38930.253579044715
17.784,38932.00332043278
17.783,38933.75471085936
17.782,38935.51283103641
17.781,38937.282288386945
17.78,38939.055618106184
17.779,38940.830857699824
17.778,38942.60942033892
17.777,38944.41800078497
17.776,38946.231118401454
17.775000000000002,38948.04695705155
17.774,38949.86279570164
17.773,38951.68032984455
17.772000000000002,38953.519455165064
17.771,38955.358580485576
17.77,38957.19770580609
17.769000000000002,38959.03683112661
17.768,38960.87595644711
17.767,38962.71508176763
17.766000000000002,38964.554207088135
17.765,38966.393332408654
17.764,38968.23245772916
17.763,38970.07158304968
17.762,38971.91070837019
17.761,38973.7498336907
17.76,38975.58895901121
17.759,38977.428084331725
17.758,38979.26720965224
17.757,38981.10633497275
17.756,38982.94546029326
17.755,38984.78458561377
17.754,38986.623710934284
17.753,38988.462836254796
17.752,38990.30196157531
17.751,38992.14108689583
17.75,38993.98021221633
17.749,38995.81933753684
17.748,38997.65846285736
17.747,38999.497588177874
17.746,39001.336713498386
17.745,39003.1758388189
17.744,39005.01496413941
17.743000000000002,39006.85408945992
17.742,39008.69321478043
17.741,39010.532340100945
17.740000000000002,39012.37146542146
17.739,39014.210590741975
17.738,39016.04971606248
17.737000000000002,39017.888841383
17.736,39019.7279667035
17.735,39021.56709202402
17.734,39023.40621734453
17.733,39025.245342665046
17.732,39027.08446798555
17.731,39028.92359330607
17.73,39030.76271862658
17.729,39032.60184394709
17.728,39034.440969267605
17.727,39036.28009458812
17.726,39038.11921990863
17.725,39039.95834522914
17.724,39041.79747054965
17.723,39043.636595870164
17.722,39045.475721190676
17.721,39047.31484651118
17.72,39049.153971831685
17.719,39050.99309715218
17.718,39052.83222247269
17.717,39054.671347793184
17.716,39056.51047311368
17.715,39058.349598434186
17.714,39060.188723754676
17.713,39062.02784907518
17.712,39063.86697439568
17.711000000000002,39065.70609971618
17.71,39067.54522503668
17.709,39069.38435035718
17.708000000000002,39071.22347567768
17.707,39073.06260099818
17.706,39074.901726318676
17.705000000000002,39076.74085163918
17.704,39078.57997695968
17.703,39080.419102280175
17.702,39082.25822760068
17.701,39084.09735292118
17.7,39085.936478241674
17.699,39087.77560356217
17.698,39089.614728882676
17.697,39091.45385420317
17.696,39093.29297952367
17.695,39095.132104844175
17.694,39096.97123016467
17.693,39098.81035548517
17.692,39100.649480805674
17.691,39102.50848170945
17.69,39104.37055971645
17.689,39106.24405659156
17.688,39108.13653138669
17.687,39110.03456598209
17.686,39111.942549362095
17.685,39113.85675246816
17.684,39115.79821501467
17.683,39117.74096899911
17.682,39119.68977806378
17.681,39121.64358581751
17.68,39123.60000456922
17.679000000000002,39125.560942905635
17.678,39127.52188124204
17.677,39129.49116227149
17.676000000000002,39131.462170205254
17.675,39133.46196433125
17.674,39135.46175845725
17.673000000000002,39137.46155258324
17.672,39139.46134670924
17.671,39141.461140835236
17.67,39143.46093496124
17.669,39145.46072908723
17.668,39147.46052321322
17.667,39149.460317339224
17.666,39151.46011146522
17.665,39153.45990559121
17.664,39155.45969971721
17.663,39157.459493843206
17.662,39159.459287969206
17.661,39161.4590820952
17.66,39163.4588762212
17.659,39165.458670347194
17.658,39167.458464473195
17.657,39169.45825859919
17.656,39171.45805272518
17.655,39173.457846851175
17.654,39175.45764097717
17.653,39177.457435103155
17.652,39179.45722922915
17.651,39181.457023355135
17.650000000000002,39183.45681748113
17.649,39185.45661160712
17.648,39187.45640573311
17.647000000000002,39189.4561998591
17.646,39191.45599398509
17.645,39193.45578811108
17.644000000000002,39195.455582237075
17.643,39197.45537636306
17.642,39199.45517048905
17.641000000000002,39201.45496461504
17.64,39203.454758741034
17.639,39205.45455286702
17.638,39207.454346993014
17.637,39209.454141119
17.636,39211.453935244994
17.635,39213.45372937098
17.634,39215.45352349697
17.633,39217.45331762296
17.632,39219.45311174895
17.631,39221.45290587495
17.63,39223.45270000093
17.629,39225.45249412693
17.628,39227.45228825291
17.627,39229.452082378906
17.626,39231.45187650491
17.625,39233.45167063091
17.624,39235.45146475691
17.623,39237.45125888291
17.622,39239.45105300892
17.621,39241.45084713492
17.62,39243.45064126092
17.619,39245.45043538693
17.618000000000002,39247.45022951293
17.617,39249.45002363893
17.616,39251.44981776494
17.615000000000002,39253.44961189094
17.614,39255.44940601694
17.613,39257.449200142946
17.612000000000002,39259.44899426895
17.611,39261.44878839495
17.61,39263.448582520956
17.609,39265.44837664696
17.608,39267.44817077296
17.607,39269.447964898965
17.606,39271.447759024966
17.605,39273.44755315097
17.604,39275.44734727697
17.603,39277.447141402976
17.602,39279.44693552898
17.601,39281.44672965498
17.6,39283.446523780985
17.599,39285.446317906986
17.598,39287.44611203299
17.597,39289.445906158995
17.596,39291.445700284996
17.595,39293.451914213576
17.594,39295.46018315807
17.593,39297.48465957328
17.592,39299.51129569861
17.591,39301.53805406262
17.59,39303.57184282641
17.589,39305.605631590195
17.588,39307.63942035398
17.587,39309.67558552297
17.586000000000002,39311.714808926314
17.585,39313.76545196331
17.584,39315.824569818804
17.583000000000002,39317.8836876743
17.582,39319.94280552979
17.581,39322.00192338528
17.580000000000002,39324.06104124078
17.579,39326.12015909627
17.578,39328.179276951756
17.577,39330.23839480725
17.576,39332.297512662735
17.575,39334.35663051823
17.574,39336.41574837372
17.573,39338.47486622921
17.572,39340.5339840847
17.571,39342.59310194019
17.57,39344.65221979568
17.569,39346.71133765117
17.568,39348.77045550666
17.567,39350.82957336215
17.566,39352.88869121764
17.565,39354.94780907313
17.564,39357.00692692862
17.563,39359.06604478411
17.562,39361.1251626396
17.561,39363.18428049509
17.56,39365.243398350576
17.559,39367.302516206066
17.558,39369.361634061555
17.557,39371.420751917045
17.556,39373.47986977254
17.555,39375.538987628024
17.554000000000002,39377.59810548352
17.553,39379.657223339
17.552,39381.7163411945
17.551000000000002,39383.77545904999
17.55,39385.83457690548
17.549,39387.89369476097
17.548000000000002,39389.95281261646
17.547,39392.01193047195
17.546,39394.07104832744
17.545,39396.13016618293
17.544,39398.189284038424
17.543,39400.24840189391
17.542,39402.3075197494
17.541,39404.36663760489
17.54,39406.42575546038
17.539,39408.48487331587
17.538,39410.54399117136
17.537,39412.60310902685
17.536,39414.662226882356
17.535,39416.72134473785
17.534,39418.78046259336
17.533,39420.83958044886
17.532,39422.89869830436
17.531,39424.95781615986
17.53,39427.016934015366
17.529,39429.07605187087
17.528,39431.135169726374
17.527,39433.19428758188
17.526,39435.25340543738
17.525000000000002,39437.31252329289
17.524,39439.371641148384
17.523,39441.43075900389
17.522000000000002,39443.48987685939
17.521,39445.548994714896
17.52,39447.60811257039
17.519000000000002,39449.6672304259
17.518,39451.7263482814
17.517,39453.785466136906
17.516000000000002,39455.84458399241
17.515,39457.903701847914
17.514,39459.96281970341
17.513,39462.021937558915
17.512,39464.08105541442
17.511,39466.14017326992
17.51,39468.19929112543
17.509,39470.258408980924
17.508,39472.31752683643
17.507,39474.37664469193
17.506,39476.43576254744
17.505,39478.49488040294
17.504,39480.554282924946
17.503,39482.62588731514
17.502,39484.71559254511
17.501,39486.80889434113
17.5,39488.92066664792
17.499,39491.062663281176
17.498,39493.20738332122
17.497,39495.37941947489
17.496,39497.553170183644
17.495,39499.73698213034
17.494,39501.92859694637
17.493000000000002,39504.120211762405
17.492,39506.31182657844
17.491,39508.505284721876
17.490000000000002,39510.70785231692
17.489,39512.92086380793
17.488,39515.14242654751
17.487000000000002,39517.40058836423
17.486,39519.664520501305
17.485,39521.93166845682
17.484,39524.20252324676
17.483,39526.473378036695
17.482,39528.75175444213
17.481,39531.05015988123
17.48,39533.34856532034
17.479,39535.646970759444
17.478,39537.94537619855
17.477,39540.243781637655
17.476,39542.54218707676
17.475,39544.840592515866
17.474,39547.13899795497
17.473,39549.43740339408
17.472,39551.73580883318
17.471,39554.03421427229
17.47,39556.33261971139
17.469,39558.63102515049
17.468,39560.9294305896
17.467,39563.2278360287
17.466,39565.526241467815
17.465,39567.82464690691
17.464,39570.12305234602
17.463,39572.42145778512
17.462,39574.71986322423
17.461000000000002,39577.018268663334
17.46,39579.31667410245
17.459,39581.61507954155
17.458000000000002,39583.91348498067
17.457,39586.21189041978
17.456,39588.51029585889
17.455000000000002,39590.808701298
17.454,39593.107106737116
17.453,39595.40551217622
17.452,39597.703917615334
17.451,39600.00232305445
17.45,39602.30072849356
17.449,39604.59913393267
17.448,39606.897539371785
17.447,39609.19594481089
17.446,39611.49435025001
17.445,39613.792755689115
17.444,39616.09116112823
17.443,39618.38956656734
17.442,39620.687972006446
17.441,39622.98637744556
17.44,39625.28478288467
17.439,39627.583188323784
17.438,39629.8815937629
17.437,39632.17999920201
17.436,39634.47840464112
17.435,39636.776810080235
17.434,39639.07521551935
17.433,39641.37362095845
17.432,39643.672026397566
17.431,39645.97043183668
17.43,39648.26883727579
17.429000000000002,39650.567242714904
17.428,39652.86564815401
17.427,39655.16405359312
17.426000000000002,39657.462459032235
17.425,39659.76086447135
17.424,39662.05926991046
17.423000000000002,39664.35767534957
17.422,39666.65608078868
17.421,39668.95448622779
17.42,39671.2528916669
17.419,39673.551297106016
17.418,39675.84970254512
17.417,39678.148107984234
17.416,39680.44651342335
17.415,39682.74491886246
17.414,39685.04332430157
17.413,39687.341729740685
17.412,39689.64013517979
17.411,39691.93854061891
17.41,39694.236946058016
17.409,39696.53535149713
17.408,39698.83375693624
17.407,39701.13216237535
17.406,39703.43056781446
17.405,39705.72897325357
17.404,39708.027378692685
17.403,39710.3257841318
17.402,39712.62418957091
17.401,39714.92259501002
17.400000000000002,39717.24093818226
17.399,39719.55929658932
17.398,39721.88337293541
17.397000000000002,39724.220302172274
17.396,39726.579082229146
17.395,39728.94984950552
17.394000000000002,39731.325267665576
17.393,39733.72568900862
17.392,39736.12863541497
17.391000000000002,39738.54688235545
17.39,39740.98374486271
17.389,39743.461846650694
17.388,39745.939948438674
17.387,39748.41805022666
17.386,39750.89615201464
17.385,39753.37425380263
17.384,39755.85235559061
17.383,39758.330457378586
17.382,39760.80855916656
17.381,39763.28666095454
17.38,39765.76476274252
17.379,39768.24286453049
17.378,39770.72096631847
17.377,39773.19906810645
17.376,39775.67716989443
17.375,39778.15527168241
17.374,39780.63337347038
17.373,39783.11147525836
17.372,39785.58957704634
17.371,39788.06767883431
17.37,39790.54578062229
17.369,39793.02388241028
17.368000000000002,39795.50198419826
17.367,39797.980085986244
17.366,39800.45818777423
17.365000000000002,39802.93628956222
17.364,39805.4143913502
17.363,39807.89249313818
17.362000000000002,39810.370594926164
17.361,39812.84869671415
17.36,39815.32679850213
17.359,39817.80490029012
17.358,39820.2830020781
17.357,39822.76110386608
17.356,39825.23920565407
17.355,39827.71730744206
17.354,39830.19540923004
17.353,39832.67351101802
17.352,39835.151612806
17.351,39837.62971459399
17.35,39840.10781638198
17.349,39842.585918169956
17.348,39845.064019957936
17.347,39847.54212174592
17.346,39850.02022353391
17.345,39852.49832532189
17.344,39854.976427109876
17.343,39857.454528897855
17.342,39859.932630685835
17.341,39862.41073247381
17.34,39864.88883426178
17.339,39867.366936049744
17.338,39869.84503783772
17.337,39872.32313962569
17.336000000000002,39874.80124141366
17.335,39877.27934320163
17.334,39879.757444989606
17.333000000000002,39882.23554677758
17.332,39884.71364856554
17.331,39887.191750353515
17.330000000000002,39889.66985214149
17.329,39892.14795392946
17.328,39894.626055717425
17.327,39897.1041575054
17.326,39899.58225929337
17.325,39902.06036108134
17.324,39904.538462869314
17.323,39907.016564657286
17.322,39909.49466644525
17.321,39911.97276823322
17.32,39914.450870021195
17.319,39916.92897180917
17.318,39919.40707359714
17.317,39921.885175385105
17.316,39924.36327717308
17.315,39926.84137896105
17.314,39929.31948074902
17.313,39931.797582536994
17.312,39934.275684324966
17.311,39936.75378611293
17.31,39939.2318879009
17.309,39941.72150091868
17.308,39944.214354980635
17.307,39946.71786864984
17.306,39949.23050412719
17.305,39951.74739841565
17.304000000000002,39954.28040790519
17.303,39956.82197545081
17.302,39959.37278868875
17.301000000000002,39961.924683350204
17.3,39964.483363746716
17.299,39967.042044143236
17.298000000000002,39969.600724539756
17.297,39972.159404936276
17.296,39974.718085332795
17.295,39977.276765729315
17.294,39979.835446125835
17.293,39982.394126522355
17.292,39984.95280691888
17.291,39987.511487315394
17.29,39990.070167711914
17.289,39992.628848108434
17.288,39995.18752850495
17.287,39997.746208901466
17.286,40000.30488929799
17.285,40002.86356969451
17.284,40005.422250091025
17.283,40007.980930487545
17.282,40010.539610884065
17.281,40013.098291280585
17.28,40015.6569716771
17.279,40018.21565207362
17.278,40020.77433247012
17.277,40023.33301286664
17.276,40025.89169326315
17.275000000000002,40028.45037365967
17.274,40031.00905405618
17.273,40033.56773445269
17.272000000000002,40036.126414849205
17.271,40038.68509524572
17.27,40041.24377564223
17.269000000000002,40043.80245603874
17.268,40046.361136435255
17.267,40048.91981683177
17.266000000000002,40051.47849722828
17.265,40054.03717762479
17.264,40056.595858021305
17.263,40059.15453841782
17.262,40061.71321881434
17.261,40064.27189921084
17.26,40066.83057960736
17.259,40069.389260003874
17.258,40071.94794040038
17.257,40074.5066207969
17.256,40077.06530119341
17.255,40079.623981589924
17.254,40082.18266198643
17.253,40084.74134238294
17.252,40087.30002277944
17.251,40089.858703175945
17.25,40092.41738357244
17.249,40094.97606396894
17.248,40097.53474436545
17.247,40100.093424761944
17.246,40102.65210515844
17.245,40105.21078555495
17.244,40107.769465951445
17.243000000000002,40110.32814634795
17.242,40112.88682674445
17.241,40115.44550714095
17.240000000000002,40118.004187537445
17.239,40120.56286793394
17.238,40123.12154833045
17.237000000000002,40125.680228726946
17.236,40128.23890912345
17.235,40130.79758951995
17.234,40133.35626991645
17.233,40135.914950312945
17.232,40138.47363070945
17.231,40141.03231110595
17.23,40143.59099150245
17.229,40146.14967189895
17.228,40148.70835229545
17.227,40151.26703269195
17.226,40153.825713088445
17.225,40156.38439348495
17.224,40158.94307388145
17.223,40161.50175427795
17.222,40164.06043467445
17.221,40166.61911507095
17.22,40169.17779546745
17.219,40171.77405614716
17.218,40174.37317984172
17.217,40176.98584228214
17.216,40179.631318883454
17.215,40182.31007894214
17.214,40185.000830530385
17.213,40187.7143211951
17.212,40190.4312643119
17.211000000000002,40193.16851618976
17.21,40195.917901846755
17.209,40198.71596774776
17.208000000000002,40201.51548098355
17.207,40204.357264466445
17.206,40207.19904794934
17.205000000000002,40210.04083143224
17.204,40212.88261491514
17.203,40215.72439839804
17.202,40218.56618188093
17.201,40221.40796536383
17.2,40224.24974884673
17.199,40227.09153232963
17.198,40229.93331581252
17.197,40232.775099295424
17.196,40235.61688277832
17.195,40238.45866626121
17.194,40241.300449744114
17.193,40244.14223322701
17.192,40246.98401670991
17.191,40249.825800192804
17.19,40252.667583675706
17.189,40255.5093671586
17.188,40258.351150641494
17.187,40261.192934124396
17.186,40264.034717607305
17.185,40266.876501090206
17.184,40269.71828457311
17.183,40272.56006805601
17.182,40275.40185153891
17.181,40278.24363502182
17.18,40281.08541850472
17.179000000000002,40283.92720198763
17.178,40286.76898547053
17.177,40289.61076895343
17.176000000000002,40292.45255243634
17.175,40295.29433591924
17.174,40298.136119402145
17.173000000000002,40300.977902885046
17.172,40303.819686367955
17.171,40306.66146985086
17.17,40309.503253333765
17.169,40312.34503681667
17.168,40315.18682029957
17.167,40318.02860378247
17.166,40320.87038726537
17.165,40323.71217074828
17.164,40326.55395423118
17.163,40329.39573771408
17.162,40332.237521196985
17.161,40335.07930467989
17.16,40337.921088162795
17.159,40340.7628716457
17.158,40343.604655128605
17.157,40346.44643861151
17.156,40349.28822209441
17.155,40352.13000557732
17.154,40354.97178906022
17.153,40357.81357254312
17.152,40360.65535602602
17.151,40363.49713950893
17.150000000000002,40366.33892299183
17.149,40369.18070647474
17.148,40372.02248995764
17.147000000000002,40374.864273440544
17.146,40377.706056923445
17.145,40380.54784040635
17.144000000000002,40383.389623889256
17.143,40386.23140737216
17.142,40389.073190855066
17.141000000000002,40391.91497433797
17.14,40394.75675782087
17.139,40397.59854130377
17.138,40400.44032478668
17.137,40403.28210826958
17.136,40406.12389175249
17.135,40408.96567523539
17.134,40411.80745871829
17.133,40414.649242201194
17.132,40417.4910256841
17.131,40420.332809167005
17.13,40423.174592649906
17.129,40426.016376132815
17.128,40428.85815961572
17.127,40431.69994309862
17.126,40434.5520832511
17.125,40437.41859448378
17.124,40440.288998760276
17.123,40443.195736248024
17.122,40446.1057141639
17.121,40449.03336002759
17.12,40451.965320814576
17.119,40454.89778767688
17.118000000000002,40457.83331587492
17.117,40460.80638082133
17.116,40463.79738812433
17.115000000000002,40466.81089636879
17.114,40469.82456932765
17.113,40472.866698365695
17.112000000000002,40475.90882740374
17.111,40478.95095644179
17.11,40481.99308547984
17.109,40485.03521451789
17.108,40488.07734355594
17.107,40491.119472593986
17.106,40494.16160163203
17.105,40497.20373067009
17.104,40500.245859708135
17.103,40503.28798874619
17.102,40506.33011778424
17.101,40509.372246822284
17.1,40512.41437586034
17.099,40515.45650489839
17.098,40518.49863393644
17.097,40521.54076297449
17.096,40524.582892012535
17.095,40527.62502105059
17.094,40530.66715008865
17.093,40533.709279126706
17.092,40536.75140816476
17.091,40539.79353720282
17.09,40542.83566624088
17.089,40545.87779527893
17.088,40548.91992431699
17.087,40551.96205335505
17.086000000000002,40555.0041823931
17.085,40558.04631143116
17.084,40561.08844046921
17.083000000000002,40564.13056950727
17.082,40567.17269854533
17.081,40570.21482758338
17.080000000000002,40573.256956621444
17.079,40576.2990856595
17.078,40579.34121469755
17.077,40582.383343735615
17.076,40585.42547277367
17.075,40588.467601811724
17.074,40591.509730849786
17.073,40594.55185988784
17.072,40597.593988925895
17.071,40600.63611796396
17.07,40603.67824700201
17.069,40606.720376040066
17.068,40609.76250507812
17.067,40612.80463411618
17.066,40615.84676315424
17.065,40618.88889219229
17.064,40621.93102123035
17.063,40624.97315026841
17.062,40628.01527930646
17.061,40631.057408344524
17.06,40634.09953738258
17.059,40637.14166642063
17.058,40640.183795458695
17.057,40643.22592449675
17.056,40646.268053534804
17.055,40649.310182572866
17.054000000000002,40652.35231161092
17.053,40655.394440648975
17.052,40658.43656968704
17.051000000000002,40661.47869872509
17.05,40664.52082776315
17.049,40667.56295680121
17.048000000000002,40670.60508583926
17.047,40673.64721487732
17.046,40676.68934391537
17.045,40679.731472953434
17.044,40682.77360199149
17.043,40685.81573102954
17.042,40688.857860067605
17.041,40691.89998910566
17.04,40694.942118143714
17.039,40697.984247181776
17.038,40701.02637621983
17.037,40704.068505257885
17.036,40707.11063429595
17.035,40710.152763334
17.034,40713.20996010895
17.033,40716.275601181245
17.032,40719.348469608965
17.031,40722.444620207476
17.03,40725.54822802487
17.029,40728.66061531429
17.028,40731.781332536884
17.027,40734.931049438805
17.026,40738.08076634072
17.025,40741.23048324263
17.024,40744.380200144544
17.023,40747.52991704646
17.022000000000002,40750.679633948384
17.021,40753.8293508503
17.02,40756.97906775221
17.019000000000002,40760.12878465413
17.018,40763.27850155605
17.017,40766.428218457964
17.016000000000002,40769.57793535989
17.015,40772.727652261805
17.014,40775.87736916372
17.013,40779.027086065646
17.012,40782.17680296756
17.011,40785.32651986948
17.01,40788.4762367714
17.009,40791.62595367331
17.008,40794.77567057522
17.007,40797.92538747713
17.006,40801.075104379044
17.005,40804.22482128096
17.004,40807.37453818287
17.003,40810.524255084776
17.002,40813.67397198669
17.001,40816.8236888886
17.0,40819.973405790515
16.999,40823.12312269243
16.998,40826.27283959434
16.997,40829.42255649625
16.996,40832.57227339816
16.995,40835.72199030007
16.994,40838.871707201986
16.993000000000002,40842.0214241039
16.992,40845.171141005805
16.991,40848.32085790772
16.990000000000002,40851.47057480963
16.989,40854.620291711544
16.988,40857.77000861346
16.987000000000002,40860.91972551537
16.986,40864.069442417276
16.985,40867.21915931919
16.984,40870.3688762211
16.983,40873.518593123015
16.982,40876.66831002492
16.981,40879.818026926834
16.98,40882.96774382875
16.979,40886.11746073066
16.978,40889.26717763257
16.977,40892.416894534486
16.976,40895.5666114364
16.975,40898.71632833831
16.974,40901.86604524022
16.973,40905.01576214213
16.972,40908.165479044044
16.971,40911.31519594595
16.97,40914.46491284786
16.969,40917.614629749776
16.968,40920.76434665169
16.967,40923.9140635536
16.966,40927.063780455515
16.965,40930.21349735743
16.964,40933.363214259334
16.963,40936.51293116125
16.962,40939.66264806316
16.961000000000002,40942.81236496507
16.96,40945.96208186698
16.959,40949.11179876889
16.958000000000002,40952.261515670805
16.957,40955.41123257272
16.956,40958.56094947463
16.955000000000002,40961.710666376544
16.954,40964.86038327846
16.953,40968.01010018036
16.952,40971.159817082276
16.951,40974.30953398419
16.95,40977.459250886095
16.949,40980.60896778801
16.948,40983.75868468992
16.947,40986.908401591834
16.946,40990.06326717534
16.945,40993.238116669745
16.944,40996.43568236653
16.943,40999.682836568536
16.942,41002.95449497452
16.941,41006.22637185747
16.94,41009.51434090954
16.939,41012.80767706236
16.938,41016.16453451714
16.937,41019.53812569856
16.936,41022.92913835544
16.935,41026.35413030082
16.934,41029.784832586425
16.933,41033.26949105241
16.932,41036.7541495184
16.931,41040.23880798439
16.93,41043.72346645037
16.929000000000002,41047.20812491636
16.928,41050.69278338235
16.927,41054.17744184833
16.926000000000002,41057.66210031432
16.925,41061.146758780305
16.924,41064.63141724629
16.923000000000002,41068.11607571227
16.922,41071.60073417825
16.921,41075.08539264424
16.92,41078.57005111023
16.919,41082.054709576216
16.918,41085.5393680422
16.917,41089.02402650819
16.916,41092.50868497417
16.915,41095.993343440154
16.914,41099.47800190614
16.913,41102.962660372126
16.912,41106.44731883811
16.911,41109.93197730409
16.91,41113.41663577008
16.909,41116.901294236064
16.908,41120.385952702054
16.907,41123.87061116804
16.906,41127.35526963402
16.905,41130.8399281
16.904,41134.32458656599
16.903,41137.809245031975
16.902,41141.29390349796
16.901,41144.77856196394
16.9,41148.26322042992
16.899,41151.74787889591
16.898,41155.232537361895
16.897000000000002,41158.71719582788
16.896,41162.20185429387
16.895,41165.68651275985
16.894000000000002,41169.17117122584
16.893,41172.65582969182
16.892,41176.140488157806
16.891000000000002,41179.62514662379
16.89,41183.10980508978
16.889,41186.59446355576
16.888,41190.07912202176
16.887,41193.56378048776
16.886,41197.04843895377
16.885,41200.53309741978
16.884,41204.01775588579
16.883,41207.5024143518
16.882,41210.987072817814
16.881,41214.47173128382
16.88,41217.95638974983
16.879,41221.44104821584
16.878,41224.92570668185
16.877,41228.410365147865
16.876,41231.89502361388
16.875,41235.37968207988
16.874,41238.86434054589
16.873,41242.348999011905
16.872,41245.83365747792
16.871,41249.31831594392
16.87,41252.80297440993
16.869,41256.287632875945
16.868000000000002,41259.77229134196
16.867,41263.25694980797
16.866,41266.74160827398
16.865000000000002,41270.22626673999
16.864,41273.710925205996
16.863,41277.19558367201
16.862000000000002,41280.68024213802
16.861,41284.16490060403
16.86,41287.649559070036
16.859,41291.13421753605
16.858,41294.61887600206
16.857,41298.10353446807
16.856,41301.58819293408
16.855,41305.072851400095
16.854,41308.5575098661
16.853,41312.04216833212
16.852,41315.528754394196
16.851,41319.02908950315
16.85,41322.538319730564
16.849,41326.0547752807
16.848,41329.6163000602
16.847,41333.1963497786
16.846,41336.81331300927
16.845,41340.440905185176
16.844,41344.07320034749
16.843,41347.72494914137
16.842,41351.40039011214
16.841,41355.0948185807
16.84,41358.802056635606
16.839,41362.50929469052
16.838,41366.216532745435
16.837,41369.92377080034
16.836000000000002,41373.63100885526
16.835,41377.33824691017
16.834,41381.045484965085
16.833000000000002,41384.75272302
16.832,41388.459961074914
16.831,41392.16719912982
16.830000000000002,41395.874437184735
16.829,41399.58167523964
16.828,41403.28891329456
16.827,41406.99615134946
16.826,41410.70338940438
16.825,41414.41062745929
16.824,41418.11786551421
16.823,41421.825103569114
16.822,41425.53234162402
16.821,41429.23957967893
16.82,41432.946817733835
16.819,41436.654055788735
16.818,41440.36129384364
16.817,41444.06853189855
16.816,41447.775769953456
16.815,41451.48300800836
16.814,41455.19024606327
16.813,41458.89748411818
16.812,41462.604722173084
16.811,41466.31196022799
16.81,41470.01919828289
16.809,41473.7264363378
16.808,41477.433674392705
16.807,41481.14091244761
16.806,41484.84815050252
16.805,41488.55538855742
16.804000000000002,41492.262626612326
16.803,41495.96986466723
16.802,41499.67710272214
16.801000000000002,41503.38434077705
16.8,41507.091578831954
16.799,41510.79881688686
16.798000000000002,41514.50605494177
16.797,41518.213292996676
16.796,41521.920531051575
16.795,41525.62776910648
16.794,41529.33500716139
16.793,41533.04224521629
16.792,41536.749483271204
16.791,41540.4567213261
16.79,41544.16395938101
16.789,41547.87119743592
16.788,41551.578435490825
16.787,41555.28567354573
16.786,41558.99291160064
16.785,41562.70014965554
16.784,41566.407387710446
16.783,41570.11462576535
16.782,41573.82186382026
16.781,41577.52910187516
16.78,41581.23633993007
16.779,41584.943577984974
16.778,41588.65081603988
16.777,41592.35805409479
16.776,41596.065292149695
16.775,41599.772530204595
16.774,41603.4797682595
16.773,41607.18700631441
16.772000000000002,41610.894244369316
16.771,41614.60148242422
16.77,41618.30872047912
16.769000000000002,41622.01595853403
16.768,41625.72319658894
16.767,41629.430434643844
16.766000000000002,41633.13767269875
16.765,41636.84491075366
16.764,41640.55214880856
16.763,41644.259386863465
16.762,41647.96662491837
16.761,41651.67424390011
16.76,41655.42197879606
16.759,41659.18743196582
16.758,41662.97566370282
16.757,41666.80439228085
16.756,41670.652233967856
16.755,41674.50121096641
16.754,41678.350187964956
16.753,41682.19916496352
16.752,41686.04814196206
16.751,41689.89711896062
16.75,41693.74609595918
16.749,41697.59507295773
16.748,41701.44404995628
16.747,41705.29302695484
16.746,41709.142003953384
16.745,41712.990980951945
16.744,41716.83995795049
16.743000000000002,41720.68893494905
16.742,41724.5379119476
16.741,41728.38688894616
16.740000000000002,41732.235865944705
16.739,41736.08484294326
16.738,41739.933819941805
16.737000000000002,41743.78279694036
16.736,41747.6317739389
16.735,41751.48075093745
16.734,41755.329727936
16.733,41759.178704934544
16.732,41763.02768193309
16.731,41766.87665893164
16.73,41770.72563593018
16.729,41774.57461292873
16.728,41778.423589927275
16.727,41782.27256692582
16.726,41786.12154392437
16.725,41789.97052092292
16.724,41793.81949792146
16.723,41797.668474920014
16.722,41801.51745191856
16.721,41805.36642891711
16.72,41809.21540591565
16.719,41813.0643829142
16.718,41816.913359912745
16.717,41820.76233691129
16.716,41824.611313909845
16.715,41828.460290908384
16.714,41832.30926790693
16.713,41836.15824490547
16.712,41840.00722190401
16.711000000000002,41843.85619890255
16.71,41847.70517590108
16.709,41851.55415289961
16.708000000000002,41855.40312989815
16.707,41859.25210689668
16.706,41863.10108389521
16.705000000000002,41866.95006089375
16.704,41870.799037892284
16.703,41874.648014890816
16.702,41878.49699188935
16.701,41882.34596888789
16.7,41886.19494588642
16.699,41890.04392288496
16.698,41893.89289988349
16.697,41897.74187688202
16.696,41901.59085388055
16.695,41905.439830879084
16.694,41909.28880787762
16.693,41913.137784876155
16.692,41916.986761874694
16.691,41920.835738873226
16.69,41924.68471587176
16.689,41928.53369287029
16.688,41932.38266986883
16.687,41936.23164686736
16.686,41940.0806238659
16.685,41943.92960086443
16.684,41947.77857786296
16.683,41951.627554861494
16.682,41955.476531860026
16.681,41959.325508858565
16.68,41963.1744858571
16.679000000000002,41967.023462855635
16.678,41970.87243985417
16.677,41974.7214168527
16.676000000000002,41978.57039385124
16.675,41982.433087978505
16.674,41986.305616791076
16.673000000000002,41990.18171763256
16.672,41994.06650898874
16.671,41997.97461768179
16.67,42001.93598338578
16.669,42005.97090473681
16.668,42010.042202046236
16.667,42014.12058731902
16.666,42018.243066226154
16.665,42022.38235975858
16.664,42026.556306604274
16.663,42030.7449453931
16.662,42034.938437274875
16.661,42039.16704915023
16.66,42043.41229823743
16.659,42047.65754732463
16.658,42051.90279641183
16.657,42056.14804549902
16.656,42060.393294586225
16.655,42064.63854367343
16.654,42068.88379276064
16.653,42073.12904184783
16.652,42077.37429093504
16.651,42081.619540022235
16.65,42085.864789109444
16.649,42090.110038196646
16.648,42094.35528728385
16.647000000000002,42098.60053637105
16.646,42102.84578545825
16.645,42107.091034545454
16.644000000000002,42111.336283632656
16.643,42115.58153271986
16.642,42119.82678180706
16.641000000000002,42124.07203089426
16.64,42128.317279981464
16.639,42132.562529068666
16.638,42136.807778155875
16.637,42141.05302724308
16.636,42145.29827633027
16.635,42149.54352541748
16.634,42153.78877450468
16.633,42158.034023591885
16.632,42162.27927267909
16.631,42166.52452176629
16.63,42170.76977085349
16.629,42175.01501994069
16.628,42179.260269027895
16.627,42183.5055181151
16.626,42187.750767202306
16.625,42191.9960162895
16.624,42196.2412653767
16.623,42200.486514463904
16.622,42204.73176355111
16.621,42208.97701263831
16.62,42213.22226172552
16.619,42217.46751081272
16.618000000000002,42221.71275989993
16.617,42225.95800898714
16.616,42230.203258074354
16.615000000000002,42234.44850716157
16.614,42238.69375624879
16.613,42242.939005336
16.612000000000002,42247.18425442322
16.611,42251.42950351043
16.61,42255.674752597646
16.609,42259.92000168486
16.608,42264.16525077207
16.607,42268.41049985929
16.606,42272.655748946505
16.605,42276.90099803372
16.604,42281.14624712094
16.603,42285.391496208154
16.602,42289.63674529537
16.601,42293.88199438258
16.6,42298.1272434698
16.599,42302.37249255701
16.598,42306.61774164422
16.597,42310.862990731446
16.596,42315.108239818655
16.595,42319.35348890587
16.594,42323.59873799309
16.593,42327.843987080305
16.592,42332.08923616752
16.591,42336.33448525473
16.59,42340.57973434195
16.589,42344.824983429164
16.588,42349.07023251638
16.587,42353.3154816036
16.586000000000002,42357.56073069081
16.585,42361.80597977802
16.584,42366.05122886524
16.583000000000002,42370.296477952455
16.582,42374.54172703967
16.581,42378.79044826272
16.580000000000002,42383.0689495076
16.579,42387.45587354448
16.578,42391.88461243586
16.577,42396.327851056805
16.576,42400.79377337028
16.575,42405.291617438466
16.574,42409.812152965766
16.573,42414.360946609275
16.572,42418.92319631624
16.571,42423.53037841225
16.57,42428.149542070816
16.569,42432.784364814026
16.568,42437.45247319678
16.567,42442.14648461582
16.566,42446.84974020766
16.565,42451.5744588888
16.564,42456.33436257745
16.563,42461.0942662661
16.562,42465.85416995476
16.561,42470.6140736434
16.56,42475.373977332056
16.559,42480.1338810207
16.558,42484.893784709355
16.557,42489.653688398
16.556,42494.413592086654
16.555,42499.1734957753
16.554000000000002,42503.933399463946
16.553,42508.6933031526
16.552,42513.453206841245
16.551000000000002,42518.21311052989
16.55,42522.973014218536
16.549,42527.73291790718
16.548000000000002,42532.492821595835
16.547,42537.25272528448
16.546,42542.012628973134
16.545,42546.77253266179
16.544,42551.53243635043
16.543,42556.29234003909
16.542,42561.05224372774
16.541,42565.812147416385
16.54,42570.57205110504
16.539,42575.331954793684
16.538,42580.09185848234
16.537,42584.85176217098
16.536,42589.61166585964
16.535,42594.37156954828
16.534,42599.131473236936
16.533,42603.89137692559
16.532,42608.65128061424
16.531,42613.41118430289
16.53,42618.17108799154
16.529,42622.93099168019
16.528,42627.69089536884
16.527,42632.45079905749
16.526,42637.21070274614
16.525,42641.970606434785
16.524,42646.73051012344
16.523,42651.4904138121
16.522000000000002,42656.25031750076
16.521,42661.01022118942
16.52,42665.77012487808
16.519000000000002,42670.53002856674
16.518,42675.2899322554
16.517,42680.04983594405
16.516000000000002,42684.809739632714
16.515,42689.569643321374
16.514,42694.32954701003
16.513,42699.089450698695
16.512,42703.84935438735
16.511,42708.60925807601
16.51,42713.36916176467
16.509,42718.12906545333
16.508,42722.88896914199
16.507,42727.64887283064
16.506,42732.4087765193
16.505,42737.168680207964
16.504,42741.928583896624
16.503,42746.688487585285
16.502,42751.44839127394
16.501,42756.2082949626
16.5,42760.96819865126
16.499,42765.72810233992
16.498,42770.48800602858
16.497,42775.24790971723
16.496,42780.00781340589
16.495,42784.76771709455
16.494,42789.527620783214
16.493000000000002,42794.287524471874
16.492,42799.047428160535
16.491,42803.807331849195
16.490000000000002,42808.56723553785
16.489,42813.32713922651
16.488,42818.08704291517
16.487000000000002,42822.84694660383
16.486,42827.60685029249
16.485,42832.387328538396
16.484,42837.1807537696
16.483,42841.97495742337
16.482,42846.82116355923
16.481,42851.68645075942
16.48,42856.581049075685
16.479,42861.48003611622
16.478,42866.407128715146
16.477,42871.35889666034
16.476,42876.31066460554
16.475,42881.26243255074
16.474,42886.21420049594
16.473,42891.16596844113
16.472,42896.117736386324
16.471,42901.06950433152
16.47,42906.02127227671
16.469,42910.9730402219
16.468,42915.924808167096
16.467,42920.876576112285
16.466,42925.828344057474
16.465,42930.78011200267
16.464,42935.73187994786
16.463,42940.683647893056
16.462,42945.635415838246
16.461000000000002,42950.58718378344
16.46,42955.538951728646
16.459,42960.49071967385
16.458000000000002,42965.44248761906
16.457,42970.39425556426
16.456,42975.34602350947
16.455000000000002,42980.29779145467
16.454,42985.249559399876
16.453,42990.20132734508
16.452,42995.15309529028
16.451,43000.10486323549
16.45,43005.05663118069
16.449,43010.008399125894
16.448,43014.9601670711
16.447,43019.9119350163
16.446,43024.86370296151
16.445,43029.81547090672
16.444,43034.76723885192
16.443,43039.719006797124
16.442,43044.67077474233
16.441,43049.62254268753
16.44,43054.574310632735
16.439,43059.52607857794
16.438,43064.47784652314
16.437,43069.42961446835
16.436,43074.38138241354
16.435,43079.33315035873
16.434,43084.28491830392
16.433,43089.23668624912
16.432,43094.18845419431
16.431,43099.1402221395
16.43,43104.09199008469
16.429000000000002,43109.04375802988
16.428,43113.99552597507
16.427,43118.94729392027
16.426000000000002,43123.89906186546
16.425,43128.850829810646
16.424,43133.80259775584
16.423000000000002,43138.75436570103
16.422,43143.70613364622
16.421,43148.65790159142
16.42,43153.60966953661
16.419,43158.561437481796
16.418,43163.513205426985
16.417,43168.46497337218
16.416,43173.41674131737
16.415,43178.36850926256
16.414,43183.32027720776
16.413,43188.272045152946
16.412,43193.223813098135
16.411,43198.17558104333
16.41,43203.12734898852
16.409,43208.07911693371
16.408,43213.03088487891
16.407,43217.982652824096
16.406,43222.934420769285
16.405,43227.88618871448
16.404,43232.83795665967
16.403,43237.78972460486
16.402,43242.74149255005
16.401,43247.693260495245
16.4,43252.645028440435
16.399,43257.596796385624
16.398,43262.54856433082
16.397000000000002,43267.50033227601
16.396,43272.46828074906
16.395,43277.448132913494
16.394000000000002,43282.55604024023
16.393,43287.66963904845
16.392,43292.82131899282
16.391000000000002,43298.00612857855
16.39,43303.20947249499
16.389,43308.43535225275
16.388,43313.72116663972
16.387,43319.008663072615
16.386,43324.383727494955
16.385,43329.77746331628
16.384,43335.20235666279
16.383,43340.650195756905
16.382,43346.09803485102
16.381,43351.54587394513
16.38,43356.993713039235
16.379,43362.44155213335
16.378,43367.889391227465
16.377,43373.33723032158
16.376,43378.785069415695
16.375,43384.2329085098
16.374,43389.68074760392
16.373,43395.12858669804
16.372,43400.576425792155
16.371,43406.02426488627
16.37,43411.472103980384
16.369,43416.9199430745
16.368000000000002,43422.367782168614
16.367,43427.81562126272
16.366,43433.26346035684
16.365000000000002,43438.71129945095
16.364,43444.15913854507
16.363,43449.60697763918
16.362000000000002,43455.054816733296
16.361,43460.50265582741
16.36,43465.95049492152
16.359,43471.398334015634
16.358,43476.84617310975
16.357,43482.294012203856
16.356,43487.74185129798
16.355,43493.18969039209
16.354,43498.63752948621
16.353,43504.085368580316
16.352,43509.53320767443
16.351,43514.981046768546
16.35,43520.42888586266
16.349,43525.876724956775
16.348,43531.32456405088
16.347,43536.772403145005
16.346,43542.22024223911
16.345,43547.66808133323
16.344,43553.11592042734
16.343,43558.56375952145
16.342,43564.01159861555
16.341,43569.45943770965
16.34,43574.90727680375
16.339,43580.35511589785
16.338,43585.80295499195
16.337,43591.25079408605
16.336000000000002,43596.698633180145
16.335,43602.146472274246
16.334,43607.594311368346
16.333000000000002,43613.04215046245
16.332,43618.48998955655
16.331,43623.93782865064
16.330000000000002,43629.38566774474
16.329,43634.83350683884
16.328,43640.28134593294
16.327,43645.72918502704
16.326,43651.177024121134
16.325,43656.624863215235
16.324,43662.072702309335
16.323,43667.520541403435
16.322,43672.968380497536
16.321,43678.416219591636
16.32,43683.86405868573
16.319,43689.31189777983
16.318,43694.75973687393
16.317,43700.20757596803
16.316,43705.65541506212
16.315,43711.10325415623
16.314,43716.551093250324
16.313,43721.998932344424
16.312,43727.446771438525
16.311,43732.894610532625
16.31,43738.34244962672
16.309,43743.79028872082
16.308,43749.23812781492
16.307,43754.68596690901
16.306,43760.13380600311
16.305,43765.581645097205
16.304000000000002,43771.02948419131
16.303,43776.477323285406
16.302,43781.938009108344
16.301000000000002,43787.40085551561
16.3,43792.89463969114
16.299,43798.431753366356
16.298000000000002,43803.99897363619
16.297,43809.609028845385
16.296,43815.27377962839
16.295,43820.95058823282
16.294,43826.64355378896
16.293,43832.36988003182
16.292,43838.09620627469
16.291,43843.82253251756
16.29,43849.54885876043
16.289,43855.275185003295
16.288,43861.001511246155
16.287,43866.72783748902
16.286,43872.4541637319
16.285,43878.180489974766
16.284,43883.90681621764
16.283,43889.6331424605
16.282,43895.35946870337
16.281,43901.08579494624
16.28,43906.81212118911
16.279,43912.53844743198
16.278,43918.26477367485
16.277,43923.99109991771
16.276,43929.71742616058
16.275,43935.44375240345
16.274,43941.17007864632
16.273,43946.89640488919
16.272000000000002,43952.62273113206
16.271,43958.34905737492
16.27,43964.07538361779
16.269000000000002,43969.80170986066
16.268,43975.52803610353
16.267,43981.2543623464
16.266000000000002,43986.980688589276
16.265,43992.707014832136
16.264,43998.433341075004
16.263,44004.15966731787
16.262,44009.88599356075
16.261,44015.61231980361
16.26,44021.33864604648
16.259,44027.06497228934
16.258,44032.79129853222
16.257,44038.517624775086
16.256,44044.243951017954
16.255,44049.970277260814
16.254,44055.69660350367
16.253,44061.42292974653
16.252,44067.14925598939
16.251,44072.87558223225
16.25,44078.6019084751
16.249,44084.328234717956
16.248,44090.054560960816
16.247,44095.78088720368
16.246,44101.50721344653
16.245,44107.23353968939
16.244,44112.95986593225
16.243000000000002,44118.68619217511
16.242,44124.41251841797
16.241,44130.13884466083
16.240000000000002,44135.86517090369
16.239,44141.59149714655
16.238,44147.31782338941
16.237000000000002,44153.04414963227
16.236,44158.77047587513
16.235,44164.49680211798
16.234,44170.22312836084
16.233,44175.9494546037
16.232,44181.67578084656
16.231,44187.40210708942
16.23,44193.12843333229
16.229,44198.854759575144
16.228,44204.581085818005
16.227,44210.307412060865
16.226,44216.033738303726
16.225,44221.76006454659
16.224,44227.48639078945
16.223,44233.2127170323
16.222,44238.93904327516
16.221,44244.66536951802
16.22,44250.39169576088
16.219,44256.11802200374
16.218,44261.844348246595
16.217,44267.570674489456
16.216,44273.29700073232
16.215,44279.02332697518
16.214,44284.74965321804
16.213,44290.498227715514
16.212,44296.24729743345
16.211000000000002,44302.06455398371
16.21,44307.91074601337
16.209,44313.79618939592
16.208000000000002,44319.73188628517
16.207,44325.685516500016
16.206,44331.67324013102
16.205000000000002,44337.66096376203
16.204,44343.648687393026
16.203,44349.63641102403
16.202,44355.62413465504
16.201,44361.611858286036
16.2,44367.59958191704
16.199,44373.58730554804
16.198,44379.57502917905
16.197,44385.562752810045
16.196,44391.55047644106
16.195,44397.53820007206
16.194,44403.52592370306
16.193,44409.51364733407
16.192,44415.501370965074
16.191,44421.489094596065
16.19,44427.47681822706
16.189,44433.46454185805
16.188,44439.452265489046
16.187,44445.43998912004
16.186,44451.42771275103
16.185,44457.41543638201
16.184,44463.40316001301
16.183,44469.390883644
16.182,44475.37860727499
16.181,44481.366330905985
16.18,44487.354054536976
16.179000000000002,44493.341778167975
16.178,44499.32950179896
16.177,44505.31722542995
16.176000000000002,44511.30494906094
16.175,44517.29267269194
16.174,44523.28039632292
16.173000000000002,44529.268119953915
16.172,44535.25584358491
16.171,44541.243567215904
16.17,44547.231290846896
16.169,44553.21901447789
16.168,44559.206738108885
16.167,44565.1944617399
16.166,44571.18218537091
16.165,44577.16990900193
16.164,44583.15763263295
16.163,44589.14535626396
16.162,44595.13307989498
16.161,44601.12080352599
16.16,44607.10852715701
16.159,44613.09625078802
16.158,44619.083974419045
16.157,44625.07169805005
16.156,44631.05942168107
16.155,44637.047145312084
16.154,44643.034868943105
16.153,44649.02259257411
16.152,44655.01031620514
16.151,44660.998039836144
16.15,44666.985763467164
16.149,44672.973487098185
16.148,44678.96121072919
16.147000000000002,44684.94893436022
16.146,44690.936657991224
16.145,44696.924381622244
16.144000000000002,44702.91210525326
16.143,44708.89982888428
16.142,44714.88755251528
16.141000000000002,44720.87527614631
16.14,44726.86299977732
16.139,44732.85072340834
16.138,44738.83844703935
16.137,44744.82617067036
16.136,44750.81389430138
16.135,44756.8016179324
16.134,44762.78934156342
16.133,44768.77706519443
16.132,44774.76478882545
16.131,44780.752512456456
16.13,44786.74023608748
16.129,44792.72795971849
16.128,44798.71568334951
16.127,44804.70340698052
16.126,44810.69113061154
16.125,44816.67885424255
16.124,44822.68318196208
16.123,44828.75235491212
16.122,44834.84965701039
16.121,44841.00068611922
16.12,44847.21460793262
16.119,44853.45756406868
16.118000000000002,44859.72048062062
16.117,44866.026619464756
16.116,44872.34048476503
16.115000000000002,44878.775284807874
16.114,44885.29566388747
16.113,44891.8322428524
16.112000000000002,44898.39989592041
16.111,44904.967548988425
16.11,44911.535202056446
16.109,44918.10285512445
16.108,44924.67050819246
16.107,44931.23816126047
16.106,44937.80581432849
16.105,44944.3734673965
16.104,44950.941120464515
16.103,44957.50877353252
16.102,44964.07642660053
16.101,44970.64407966854
16.1,44977.21173273655
16.099,44983.77938580456
16.098,44990.34703887257
16.097,44996.91469194059
16.096,45003.48234500861
16.095,45010.04999807663
16.094,45016.61765114466
16.093,45023.185304212675
16.092,45029.752957280696
16.091,45036.320610348725
16.09,45042.888263416746
16.089,45049.45591648476
16.088,45056.023569552795
16.087,45062.59122262081
16.086000000000002,45069.15887568884
16.085,45075.726528756866
16.084,45082.29418182489
16.083000000000002,45088.861834892916
16.082,45095.42948796094
16.081,45101.99714102896
16.080000000000002,45108.56479409699
16.079,45115.13244716501
16.078,45121.700100233036
16.077,45128.26775330106
16.076,45134.83540636908
16.075,45141.4030594371
16.074,45147.970712505106
16.073,45154.538365573106
16.072,45161.106018641105
16.071,45167.6736717091
16.07,45174.24132477708
16.069,45180.80897784508
16.068,45187.37663091307
16.067,45193.94428398107
16.066,45200.51193704906
16.065,45207.07959011706
16.064,45213.64724318505
16.063,45220.21489625304
16.062,45226.78254932104
16.061,45233.35020238903
16.06,45239.917855457024
16.059,45246.48550852502
16.058,45253.053161593016
16.057,45259.62081466101
16.056,45266.188467729
16.055,45272.756120796985
16.054000000000002,45279.32377386499
16.053,45285.891426932976
16.052,45292.459080000976
16.051000000000002,45299.02673306897
16.05,45305.59438613696
16.049,45312.16203920496
16.048000000000002,45318.72969227296
16.047,45325.29734534095
16.046,45331.86499840895
16.045,45338.43265147694
16.044,45345.00030454494
16.043,45351.567957612926
16.042,45358.135610680925
16.041,45364.70326374892
16.04,45371.27091681691
16.039,45377.8385698849
16.038,45384.40622295289
16.037,45390.973876020886
16.036,45397.541529088885
16.035,45404.10918215688
16.034,45410.67683522488
16.033,45417.24448829287
16.032,45423.81214136086
16.031,45430.387435757875
16.03,45437.03661719578
16.029,45443.69684882261
16.028,45450.42362715936
16.027,45457.16879601603
16.026,45463.99890210252
16.025,45470.830100167186
16.024,45477.67054179396
16.023,45484.54311649535
16.022000000000002,45491.415691196744
16.021,45498.288265898125
16.02,45505.160840599514
16.019000000000002,45512.0334153009
16.018,45518.9059900023
16.017,45525.77856470368
16.016000000000002,45532.65113940507
16.015,45539.52371410646
16.014,45546.39628880785
16.013,45553.268863509235
16.012,45560.141438210616
16.011,45567.01401291201
16.01,45573.8865876134
16.009,45580.75916231479
16.008,45587.63173701618
16.007,45594.50431171757
16.006,45601.37688641895
16.005,45608.24946112033
16.004,45615.12203582172
16.003,45621.99461052311
16.002,45628.86718522449
16.001,45635.739759925884
16.0,45642.612334627265
15.999,45649.484909328654
15.998000000000001,45656.35748403004
15.997,45663.23005873143
15.996,45670.10263343282
15.995000000000001,45676.9752081342
15.994,45683.84778283559
15.993,45690.72035753697
15.992,45697.59293223836
15.991,45704.46550693974
15.99,45711.33808164114
15.989,45718.21065634252
15.988,45725.083231043915
15.987,45731.95580574531
15.986,45738.82838044671
15.985000000000001,45745.7009551481
15.984,45752.573529849506
15.983,45759.44610455091
15.982000000000001,45766.31867925231
15.981,45773.191253953715
15.98,45780.06382865511
15.979000000000001,45786.93640335651
15.978,45793.80897805791
15.977,45800.68155275931
15.976,45807.55412746072
15.975,45814.42670216212
15.974,45821.299276863516
15.973,45828.17185156492
15.972,45835.04442626632
15.971,45841.917000967725
15.97,45848.78957566913
15.969000000000001,45855.66215037053
15.968,45862.53472507193
15.967,45869.40729977333
15.966000000000001,45876.279874474734
15.965,45883.15244917614
15.964,45890.02502387753
15.963000000000001,45896.89759857893
15.962,45903.77017328033
15.961,45910.642747981736
15.96,45917.51532268314
15.959,45924.38789738454
15.958,45931.26047208594
15.957,45938.13304678735
15.956,45945.005621488745
15.955,45951.87819619015
15.954,45958.75077089155
15.953000000000001,45965.623345592954
15.952,45972.49592029436
15.951,45979.36849499575
15.950000000000001,45986.24106969716
15.949,45993.11364439856
15.948,45999.98621909996
15.947000000000001,46006.858793801366
15.946,46013.73136850276
15.945,46020.603943204165
15.944,46027.47651790556
15.943,46034.36146672445
15.942,46041.270184381225
15.941,46048.26634467447
15.94,46055.27121666221
15.939,46062.32524614256
15.938,46069.40884907227
15.937000000000001,46076.579894638446
15.936,46083.79466152284
15.935,46091.00942840725
15.934000000000001,46098.22419529165
15.933,46105.43896217606
15.932,46112.65372906046
15.931000000000001,46119.86849594487
15.93,46127.08326282927
15.929,46134.29802971368
15.928,46141.51279659809
15.927,46148.7275634825
15.926,46155.9423303669
15.925,46163.157097251315
15.924,46170.37186413571
15.923,46177.58663102012
15.922,46184.80139790453
15.921000000000001,46192.01616478893
15.92,46199.230931673344
15.919,46206.44569855774
15.918000000000001,46213.66046544215
15.917,46220.87523232656
15.916,46228.08999921097
15.915000000000001,46235.304766095374
15.914,46242.51953297977
15.913,46249.734299864176
15.912,46256.94906674859
15.911,46264.16383363299
15.91,46271.378600517404
15.909,46278.5933674018
15.908,46285.808134286206
15.907,46293.02290117062
15.906,46300.23766805502
15.905000000000001,46307.452434939434
15.904,46314.66720182383
15.903,46321.88196870824
15.902000000000001,46329.09673559265
15.901,46336.31150247705
15.9,46343.526269361464
15.899000000000001,46350.741036245876
15.898,46357.95580313027
15.897,46365.170570014685
15.896,46372.38533689909
15.895,46379.600103783494
15.894,46386.814870667906
15.893,46394.0296375523
15.892,46401.244404436715
15.891,46408.45917132112
15.89,46415.67393820553
15.889000000000001,46422.888705089936
15.888,46430.10347197433
15.887,46437.318238858745
15.886000000000001,46444.53300574315
15.885,46451.74777262756
15.884,46458.962539511966
15.883000000000001,46466.17730639637
15.882,46473.392073280775
15.881,46480.60684016518
15.88,46487.82160704959
15.879,46495.036373933995
15.878,46502.25114081841
15.877,46509.465907702805
15.876,46516.680674587216
15.875,46523.89544147162
15.874,46531.110208356025
15.873000000000001,46538.32497524044
15.872,46545.539742124834
15.871,46552.754509009246
15.870000000000001,46559.96927589365
15.869,46567.18404277806
15.868,46574.39880966247
15.867,46581.61357654687
15.866,46588.828343431276
15.865,46596.04311031568
15.864,46603.25787720009
15.863,46610.4726440845
15.862,46617.6874109689
15.861,46624.90217785331
15.860000000000001,46632.11694473772
15.859,46639.33171162212
15.858,46646.546478506534
15.857000000000001,46653.76124539096
15.856,46660.97601227539
15.855,46668.19077915982
15.854000000000001,46675.43483787331
15.853,46682.71758063525
15.852,46690.016855690985
15.851,46697.43004274796
15.85,46704.87202504337
15.849,46712.38598803879
15.848,46719.911243907205
15.847,46727.63323148054
15.846,46735.38283858
15.845,46743.223023969804
15.844000000000001,46751.10567797451
15.843,46758.98833197921
15.842,46766.87098598392
15.841000000000001,46774.75363998864
15.84,46782.636293993346
15.839,46790.51894799806
15.838000000000001,46798.40160200278
15.837,46806.28425600748
15.836,46814.166910012194
15.835,46822.04956401691
15.834,46829.932218021626
15.833,46837.81487202634
15.832,46845.69752603104
15.831,46853.58018003576
15.83,46861.46283404047
15.829,46869.345488045175
15.828000000000001,46877.22814204988
15.827,46885.110796054585
15.826,46892.993450059286
15.825000000000001,46900.876104064
15.824,46908.7587580687
15.823,46916.64141207341
15.822000000000001,46924.52406607811
15.821,46932.406720082814
15.82,46940.28937408752
15.819,46948.17202809223
15.818,46956.05468209693
15.817,46963.93733610163
15.816,46971.81999010634
15.815,46979.70264411104
15.814,46987.58529811575
15.813,46995.46795212046
15.812000000000001,47003.35060612517
15.811,47011.23326012986
15.81,47019.11591413457
15.809000000000001,47026.99856813929
15.808,47034.881222143995
15.807,47042.76387614872
15.806000000000001,47050.64653015343
15.805,47058.52918415815
15.804,47066.411838162865
15.803,47074.29449216759
15.802,47082.17714617231
15.801,47090.05980017703
15.8,47097.94245418174
15.799,47105.82510818646
15.798,47113.70776219118
15.797,47121.5904161959
15.796000000000001,47129.47307020062
15.795,47137.355724205336
15.794,47145.23837821005
15.793000000000001,47153.12103221477
15.792,47161.00368621949
15.791,47168.886340224206
15.790000000000001,47176.76899422893
15.789,47184.65164823364
15.788,47192.53430223836
15.787,47200.416956243076
15.786,47208.2996102478
15.785,47216.18226425251
15.784,47224.06491825724
15.783,47231.947572261946
15.782,47239.83022626667
15.781,47247.71288027139
15.780000000000001,47255.59553427611
15.779,47263.47818828083
15.778,47271.36084228554
15.777000000000001,47279.243496290255
15.776,47287.12615029498
15.775,47295.008804299694
15.774000000000001,47302.89145830441
15.773,47310.774112309125
15.772,47318.65676631385
15.771,47326.539420318564
15.77,47334.42207432329
15.769,47342.304728328
15.768,47350.18738233272
15.767,47358.07003633743
15.766,47365.952690342136
15.765,47373.83534434684
15.764000000000001,47381.71799835153
15.763,47389.600652356225
15.762,47397.50103008042
15.761000000000001,47405.41394951002
15.76,47413.37093227482
15.759,47421.41917830743
15.758000000000001,47429.51492061629
15.757,47437.64955384306
15.756,47445.80581394484
15.755,47454.04031579773
15.754,47462.274817650614
15.753,47470.5093195035
15.752,47478.74382135639
15.751,47486.97832320927
15.75,47495.21282506215
15.749,47503.44732691504
15.748000000000001,47511.68182876793
15.747,47519.91633062081
15.746,47528.15083247369
15.745000000000001,47536.38533432658
15.744,47544.61983617947
15.743,47552.85433803235
15.742,47561.08883988524
15.741,47569.32334173813
15.74,47577.557843591014
15.739,47585.79234544391
15.738,47594.0268472968
15.737,47602.261349149696
15.736,47610.49585100259
15.735000000000001,47618.73035285548
15.734,47626.96485470837
15.733,47635.199356561265
15.732000000000001,47643.43385841416
15.731,47651.66836026705
15.73,47659.90286211994
15.729000000000001,47668.13736397283
15.728,47676.37186582573
15.727,47684.60636767863
15.726,47692.840869531516
15.725,47701.0753713844
15.724,47709.30987323729
15.723,47717.54437509018
15.722,47725.77887694308
15.721,47734.01337879596
15.72,47742.247880648836
15.719000000000001,47750.482382501694
15.718,47758.71688435456
15.717,47766.95138620743
15.716000000000001,47775.185888060296
15.715,47783.42038991317
15.714,47791.654891766026
15.713000000000001,47799.88939361889
15.712,47808.12389547176
15.711,47816.35839732463
15.71,47824.5928991775
15.709,47832.82740103036
15.708,47841.06190288323
15.707,47849.296404736095
15.706,47857.53090658897
15.705,47865.76540844183
15.704,47873.999910294704
15.703000000000001,47882.23441214756
15.702,47890.468914000434
15.701,47898.7034158533
15.700000000000001,47906.937917706164
15.699,47915.172419559036
15.698,47923.40692141189
15.697000000000001,47931.641423264766
15.696,47939.87592511763
15.695,47948.1104269705
15.694,47956.34492882337
15.693,47964.579430676225
15.692,47972.8139325291
15.691,47981.04843438196
15.69,47989.282936234835
15.689,47997.5174380877
15.688,48005.751939940565
15.687000000000001,48013.98644179343
15.686,48022.220943646294
15.685,48030.45544549917
15.684000000000001,48038.68994735204
15.683,48046.924449204904
15.682,48055.15895105776
15.681000000000001,48063.393452910634
15.68,48071.62795476351
15.679,48079.86245661641
15.678,48088.09695846933
15.677,48096.33146032225
15.676,48104.56596217517
15.675,48112.80046402809
15.674,48121.034965881016
15.673,48129.30540038318
15.672,48137.66954013503
15.671000000000001,48146.107131125886
15.67,48154.645343091666
15.669,48163.18570146143
15.668000000000001,48171.79044894097
15.667,48180.450915250076
15.666,48189.11138155918
15.665000000000001,48197.77184786828
15.664,48206.432314177386
15.663,48215.092780486484
15.662,48223.75324679559
15.661,48232.41371310469
15.66,48241.07417941379
15.659,48249.73464572289
15.658,48258.39511203199
15.657,48267.0555783411
15.656,48275.7160446502
15.655000000000001,48284.3765109593
15.654,48293.0369772684
15.653,48301.697443577505
15.652000000000001,48310.3579098866
15.651,48319.01837619571
15.65,48327.67884250481
15.649000000000001,48336.33930881391
15.648,48344.999775123004
15.647,48353.66024143211
15.646,48362.320707741215
15.645,48370.981174050314
15.644,48379.641640359405
15.643,48388.30210666852
15.642,48396.96257297761
15.641,48405.623039286715
15.64,48414.28350559582
15.639000000000001,48422.94397190492
15.638,48431.604438214024
15.637,48440.264904523116
15.636000000000001,48448.92537083222
15.635,48457.58583714133
15.634,48466.246303450425
15.633000000000001,48474.90676975952
15.632,48483.56723606861
15.631,48492.2277023777
15.63,48500.88816868679
15.629,48509.54863499588
15.628,48518.20910130498
15.627,48526.86956761406
15.626,48535.530033923154
15.625,48544.190500232246
15.624,48552.85096654134
15.623000000000001,48561.51143285043
15.622,48570.17189915951
15.621,48578.8323654686
15.620000000000001,48587.492831777694
15.619,48596.153298086785
15.618,48604.813764395876
15.617,48613.47423070496
15.616,48622.13469701406
15.615,48630.79516332315
15.614,48639.45562963224
15.613,48648.11609594133
15.612,48656.77656225042
15.611,48665.43702855951
15.610000000000001,48674.097494868605
15.609,48682.7579611777
15.608,48691.41842748679
15.607000000000001,48700.07889379588
15.606,48708.73936010497
15.605,48717.399826414054
15.604000000000001,48726.060292723145
15.603,48734.720759032236
15.602,48743.38122534133
15.601,48752.04169165042
15.6,48760.7021579595
15.599,48769.3626242686
15.598,48778.02309057769
15.597,48786.68355688678
15.596,48795.344023195874
15.595,48804.004489504965
15.594000000000001,48812.66495581405
15.593,48821.325422123125
15.592,48829.98588843221
15.591000000000001,48838.64635474129
15.59,48847.30682105037
15.589,48855.96728735945
15.588000000000001,48864.62775366854
15.587,48873.28821997762
15.586,48881.948686286705
15.585,48890.60915259579
15.584,48899.26961890487
15.583,48907.94621774687
15.582,48916.88418474288
15.581,48925.884587087385
15.58,48934.938766946696
15.579,48944.08900351553
15.578000000000001,48953.42267501076
15.577,48962.79341994032
15.576,48972.238007181346
15.575000000000001,48981.68259442237
15.574,48991.127181663396
15.573,49000.57176890441
15.572000000000001,49010.01635614544
15.571,49019.46094338647
15.57,49028.90553062749
15.569,49038.35011786852
15.568,49047.79470510954
15.567,49057.23929235056
15.566,49066.68387959159
15.565,49076.12846683262
15.564,49085.57305407364
15.563,49095.017641314655
15.562000000000001,49104.46222855568
15.561,49113.906815796705
15.56,49123.351403037734
15.559000000000001,49132.795990278755
15.558,49142.240577519784
15.557,49151.6851647608
15.556000000000001,49161.12975200182
15.555,49170.57433924285
15.554,49180.01892648388
15.553,49189.4635137249
15.552,49198.90810096593
15.551,49208.35268820694
15.55,49217.79727544796
15.549,49227.24186268899
15.548,49236.68644993002
15.547,49246.13103717104
15.546000000000001,49255.57562441206
15.545,49265.020211653085
15.544,49274.464798894114
15.543000000000001,49283.90938613514
15.542,49293.35397337618
15.541,49302.798560617215
15.540000000000001,49312.24314785826
15.539,49321.68773509929
15.538,49331.13232234033
15.537,49340.576909581374
15.536,49350.02149682242
15.535,49359.466084063446
15.534,49368.91067130449
15.533,49378.355258545525
15.532,49387.79984578657
15.531,49397.24443302761
15.530000000000001,49406.68902026865
15.529,49416.133607509684
15.528,49425.57819475072
15.527000000000001,49435.02278199176
15.526,49444.46736923281
15.525,49453.911956473836
15.524000000000001,49463.35654371488
15.523,49472.801130955915
15.522,49482.24571819696
15.521,49491.690305437995
15.52,49501.13489267904
15.519,49510.57947992007
15.518,49520.02406716111
15.517,49529.468654402146
15.516,49538.91324164319
15.515,49548.357828884225
15.514000000000001,49557.80241612527
15.513,49567.247003366305
15.512,49576.69159060734
15.511000000000001,49586.136177848384
15.51,49595.58076508942
15.509,49605.02535233046
15.508000000000001,49614.4699395715
15.507,49623.914526812536
15.506,49633.35911405358
15.505,49642.803701294615
15.504,49652.24828853566
15.503,49661.6928757767
15.502,49671.137463017745
15.501,49680.582050258796
15.5,49690.026637499854
15.499,49699.47122474091
15.498000000000001,49708.91581198197
15.497,49718.36039922302
15.496,49727.80498646408
15.495000000000001,49737.249573705136
15.494,49746.694160946194
15.493,49756.13874818725
15.492,49765.681309260355
15.491,49775.32390102959
15.49,49785.059397262616
15.489,49794.80201972799
15.488,49804.64467288949
15.487,49814.48732605099
15.486,49824.32997921249
15.485000000000001,49834.172632373986
15.484,49844.01528553549
15.483,49853.857938696994
15.482000000000001,49863.7005918585
15.481,49873.54324502
15.48,49883.3858981815
15.479000000000001,49893.228551343
15.478,49903.071204504515
15.477,49912.91385766602
15.476,49922.756510827516
15.475,49932.59916398902
15.474,49942.441817150524
15.473,49952.28447031202
15.472,49962.127123473525
15.471,49971.969776635015
15.47,49981.812429796526
15.469000000000001,49991.655082958016
15.468,50001.49773611951
15.467,50011.34038928101
15.466000000000001,50021.18304244251
15.465,50031.02569560401
15.464,50040.8683487655
15.463000000000001,50050.711001927004
15.462,50060.55365508851
15.461,50070.396308250005
15.46,50080.238961411495
15.459,50090.08161457299
15.458,50099.924267734496
15.457,50109.76692089599
15.456,50119.6095740575
15.455,50129.452227219
15.454,50139.294880380505
15.453000000000001,50149.13753354201
15.452,50158.98018670352
15.451,50168.82283986503
15.450000000000001,50178.665493026536
15.449,50188.50814618805
15.448,50198.350799349544
15.447000000000001,50208.193452511056
15.446,50218.03610567256
15.445,50227.87875883407
15.444,50237.72141199558
15.443,50247.56406515708
15.442,50257.40671831859
15.441,50267.249371480095
15.44,50277.092024641606
15.439,50286.93467780312
15.438,50296.77733096463
15.437000000000001,50306.619984126126
15.436,50316.46263728764
15.435,50326.30529044915
15.434000000000001,50336.14794361066
15.433,50345.99059677216
15.432,50355.83324993367
15.431000000000001,50365.67590309517
15.43,50375.518556256684
15.429,50385.361209418195
15.428,50395.2038625797
15.427,50405.04651574121
15.426,50414.88916890271
15.425,50424.73182206422
15.424,50434.57447522573
15.423,50444.417128387235
15.422,50454.25978154874
15.421000000000001,50464.10243471025
15.42,50473.945087871754
15.419,50483.787741033266
15.418000000000001,50493.63039419478
15.417,50503.47304735628
15.416,50513.31570051779
15.415000000000001,50523.1583536793
15.414,50533.00100684081
15.413,50542.84366000232
15.412,50552.68631316383
15.411,50562.528966325335
15.41,50572.37161948685
15.409,50582.21427264836
15.408,50592.05692580987
15.407,50601.89957897138
15.406,50611.74223213289
15.405000000000001,50621.584885294404
15.404,50631.42753845591
15.403,50641.359071393024
15.402000000000001,50651.43186146496
15.401,50661.64590867172
15.4,50672.0012130133
15.399000000000001,50682.35651735487
15.398,50692.711821696445
15.397,50703.06712603802
15.396,50713.4224303796
15.395,50723.77773472117
15.394,50734.13303906273
15.393,50744.48834340431
15.392,50754.84364774588
15.391,50765.198952087456
15.39,50775.55425642903
15.389000000000001,50785.9095607706
15.388,50796.26486511217
15.387,50806.620169453745
15.386000000000001,50816.97547379532
15.385,50827.33077813689
15.384,50837.68608247847
15.383000000000001,50848.04138682004
15.382,50858.39669116161
15.381,50868.75199550318
15.38,50879.10729984475
15.379,50889.46260418632
15.378,50899.8179085279
15.377,50910.173212869464
15.376,50920.52851721104
15.375,50930.883821552605
15.374,50941.23912589418
15.373000000000001,50951.59443023575
15.372,50961.94973457732
15.371,50972.305038918894
15.370000000000001,50982.66034326047
15.369,50993.01564760204
15.368,51003.37095194362
15.367,51013.7262562852
15.366,51024.08156062678
15.365,51034.43686496836
15.364,51044.79216930995
15.363,51055.14747365154
15.362,51065.50277799311
15.361,51075.8580823347
15.36,51086.21338667629
15.359,51096.56869101787
15.358,51106.92399535946
15.357000000000001,51117.27929970105
15.356,51127.63460404262
15.355,51137.98990838421
15.354000000000001,51148.3452127258
15.353,51158.70051706738
15.352,51169.05582140897
15.351,51179.41112575054
15.35,51189.76643009213
15.349,51200.12173443372
15.348,51210.47703877531
15.347,51220.83234311689
15.346,51231.18764745847
15.345,51241.54295180006
15.344000000000001,51251.89825614164
15.343,51262.25356048323
15.342,51272.60886482482
15.341000000000001,51282.9641691664
15.34,51293.31947350798
15.339,51303.67477784957
15.338000000000001,51314.03008219115
15.337,51324.38538653274
15.336,51334.74069087432
15.335,51345.0959952159
15.334,51355.45129955749
15.333,51365.80660389907
15.332,51376.16190824066
15.331,51386.51721258224
15.33,51396.87251692382
15.329,51407.22782126538
15.328000000000001,51417.583125606914
15.327,51427.93842994845
15.326,51438.29373428999
15.325000000000001,51448.64903863153
15.324,51459.00434297306
15.323,51469.359647314595
15.322000000000001,51479.71495165613
15.321,51490.07025599767
15.32,51500.42556033921
15.319,51510.78086468074
15.318,51521.13616902228
15.317,51531.491473363814
15.316,51541.84677770535
15.315,51552.20208204689
15.314,51562.55738638842
15.313,51572.912690729965
